pf_log,T,density,ave:en_allen,ave:vdw_radius,sum:num_unfilled,var:boiling_point,var:hhi_p,var:num_unfilled,var:num_p_unfilled,var:num_s_unfilled,var:num_s_valence,max:hhi_p,max:num_unfilled,max:num_p_unfilled,max:num_s_unfilled,min:electron_affinity,min:lattice_constant,min:num_s_valence,DC1,PC2,SC4
-2.86,1000,5.742757452,12.3805,193.5,12,3121582.24,18062500,9,2.25,0,0,9800,9,3,0,-1.4,3.65,2,13.30724634,1,1292.188596
-2.743,600,6.979307319,13.29519502,197,6,404814.0625,640000,4,4,0,0,6500,5,5,0,0.377,3.46,2,11.88153688,0.075188264,1717.45484
-2.69,600,6.709635892,14.80519502,185.5,6,556068.49,6250000,4,4,0,0,6500,5,5,0,0.377,3.46,2,10.76829248,0.734260394,1637.860007
-2.551,600,6.949384388,8.6015,212,8,3010225,810000,16,0,0,0,3400,8,0,0,0.426,2.66,2,13.3571024,0.350037164,1306.973419
-2.477,600,7.068918856,14.26019502,190.5,6,488670.9025,2560000,4,4,0,0,6500,5,5,0,0.377,3.46,2,12.0829595,0.300753057,1676.925874
-2.362,600,5.68673269,12.3805,193.5,12,3121582.24,18062500,9,2.25,0,0,9800,9,3,0,-1.4,3.65,2,12.1878326,1,1672.806654
-2.266,600,6.819963595,12.98519502,188,8,346332.25,5062500,1,1,0,0,6500,5,5,0,0.377,3.46,2,11.37606086,0.749827817,1630.886672
-2.21,800,6.055751177,14.26019502,190.5,6,488670.9025,2560000,4,4,0,0,6500,5,5,0,0.377,3.46,2,12.71906999,0.284379143,1495.936012
-2.172,800,4.245782373,12.586,185,12,2290076.89,4410000,9,2.25,0,0,5500,9,3,0,-1.4,3.31,2,12.11786993,1.211815892,1223.233758
-2.02,700,2.355668427,12.3165,166.5,2,1594128.458,13322500,1,1,0,0,8000,2,2,0,-2.4,2.29,2,12.67402927,1,1879.508109
-2.014,500,4.245782373,12.586,185,12,2290076.89,4410000,9,2.25,0,0,5500,9,3,0,-1.4,3.31,2,11.17786267,3.317868339,1482.513304
-1.84,600,8.356280164,12.65796096,195.5,11,986644.89,16810000,6.25,2.25,0,0,9500,8,3,0,-1.4,4.039,2,13.71729601,1,1599.525524
-1.649,800,6.05014633,13.29519502,197,6,404814.0625,640000,4,4,0,0,6500,5,5,0,0.377,3.46,2,12.72975071,0.071094786,1524.677223
-1.621,700,8.090510191,18.72019502,171.5,6,676498.025,6250000,4,4,0,0,6500,5,5,0,0.377,3.46,2,13.51611851,0.713713384,1604.345154
-1.598,700,6.949384388,8.6015,212,8,3010225,810000,16,0,0,0,3400,8,0,0,0.426,2.66,2,13.66540376,0.329418272,1232.820507
-1.589,500,7.889818782,12.075,191.5,8,214832.25,1822500,0,4,0.25,0.25,3200,4,4,1,1.05,2.7,1,13.12291778,0.615709459,1888.244135
-1.531,1000,2.530430196,15.096,164.5,2,266844.5649,490000,0,0.25,0.25,0.25,2900,1,1,1,0.618049,3.49,1,15.28386845,0.08170286,933.4044547
-1.528,500,8.356280164,12.65796096,195.5,11,986644.89,16810000,6.25,2.25,0,0,9500,8,3,0,-1.4,4.039,2,13.3526529,1,1777.304888
-1.499,500,6.819963595,12.98519502,188,8,346332.25,5062500,1,1,0,0,6500,5,5,0,0.377,3.46,2,11.01141775,0.778068086,1779.241253
-1.489,700,7.889818782,12.075,191.5,8,214832.25,1822500,0,4,0.25,0.25,3200,4,4,1,1.05,2.7,1,13.79586225,0.501789648,1701.354323
-1.483,600,5.969066765,11.25801001,197.5,14,3436574.44,16810000,16,2.25,0,0,9500,11,3,0,-1.4,3.67,2,12.56067279,1,1613.234548
-1.33,800,5.7166201,14.80519502,185.5,6,556068.49,6250000,4,4,0,0,6500,5,5,0,0.377,3.46,2,13.21967504,0.694285016,1464.844193
-1.297,1000,5.68673269,12.3805,193.5,12,3121582.24,18062500,9,2.25,0,0,9800,9,3,0,-1.4,3.65,2,13.20948384,1,1292.188596
-1.095,500,5.150549586,11.429,196.5,12,50625,2102500,4,4,0,0,3400,8,4,0,0.426,3.23,2,12.49123362,1.245901316,4714.146444
-1.067,500,3.870625262,8.754,226.5,2,216839.2356,1518363.496,0,0,0,0,6000,1,0,1,0.471626,3.75,1,13.62961186,0.078206183,1440.369593
-0.897,700,6.979307319,13.29519502,197,6,404814.0625,640000,4,4,0,0,6500,5,5,0,0.377,3.46,2,12.18983824,0.073084251,1607.296202
-0.886,800,5.96970124,8.427623128,214,12,2036329,9610000,9,2.25,0,0,9500,9,3,0,0.47,3.75,2,13.56867157,1,1316.552412
-0.878,700,6.709635892,14.80519502,185.5,6,556068.49,6250000,4,4,0,0,6500,5,5,0,0.377,3.46,2,11.07659384,0.713713384,1538.993827
-0.874,500,7.229507537,11.25801001,197.5,14,3436574.44,16810000,16,2.25,0,0,9500,11,3,0,-1.4,3.67,2,13.14824874,1,1801.803125
-0.848,600,7.889818782,12.075,191.5,8,214832.25,1822500,0,4,0.25,0.25,3200,4,4,1,1.05,2.7,1,13.48756089,0.552942961,1779.225078
-0.83,700,7.068918856,14.26019502,190.5,6,488670.9025,2560000,4,4,0,0,6500,5,5,0,0.377,3.46,2,12.39126086,0.292337002,1573.503096
-0.759,600,4.60189752,12.3805,193.5,12,3121582.24,18062500,9,2.25,0,0,9800,9,3,0,-1.4,3.65,2,12.17641519,1,1672.806654
-0.741,1000,4.553779458,21.3625,163,24,1079991,16875,0,0.1875,0.1875,0.1875,1500,1,1,1,1.302,4.09,1,15.22110979,0.008244778,947.4810544
-0.602,800,6.949384388,8.6015,212,8,3010225,810000,16,0,0,0,3400,8,0,0,0.426,2.66,2,13.93246654,0.311093359,1177.205824
-0.583,1000,5.150549586,11.429,196.5,12,50625,2102500,4,4,0,0,3400,8,4,0,0.426,3.23,2,13.87752798,0.871779633,3834.882748
-0.572,700,4.245782373,12.586,185,12,2290076.89,4410000,9,2.25,0,0,5500,9,3,0,-1.4,3.31,2,11.85080715,1.537031658,1284.966983
-0.552,1000,7.889818782,12.075,191.5,8,214832.25,1822500,0,4,0.25,0.25,3200,4,4,1,1.05,2.7,1,14.50921214,0.392780172,1561.186964
-0.505,600,5.150549586,11.429,196.5,12,50625,2102500,4,4,0,0,3400,8,4,0,0.426,3.23,2,12.85587673,1.147419012,4421.058545
-0.474,800,8.090510191,18.72019502,171.5,6,676498.025,6250000,4,4,0,0,6500,5,5,0,0.377,3.46,2,13.78318129,0.694285016,1537.852532
-0.455,900,4.245782373,12.586,185,12,2290076.89,4410000,9,2.25,0,0,5500,9,3,0,-1.4,3.31,2,12.353436,1.000189,1175.219027
-0.442,900,6.055751177,14.26019502,190.5,6,488670.9025,2560000,4,4,0,0,6500,5,5,0,0.377,3.46,2,12.95463606,0.276843052,1435.606058
-0.442,800,2.355668427,12.3165,166.5,2,1594128.458,13322500,1,1,0,0,8000,2,2,0,-2.4,2.29,2,12.94109206,1,1766.431524
-0.374,900,6.05014633,13.29519502,197,6,404814.0625,640000,4,4,0,0,6500,5,5,0,0.377,3.46,2,12.96531678,0.069210763,1460.418018
-0.365,900,5.7166201,14.80519502,185.5,6,556068.49,6250000,4,4,0,0,6500,5,5,0,0.377,3.46,2,13.45524111,0.675886357,1407.172255
-0.208,900,6.819963595,12.98519502,188,8,346332.25,5062500,1,1,0,0,6500,5,5,0,0.377,3.46,2,12.18699108,0.676199126,1383.629038
-0.188,900,4.553779458,21.3625,163,24,1079991,16875,0,0.1875,0.1875,0.1875,1500,1,1,1,1.302,4.09,1,15.01038876,0.009114478,954.3881516
-0.173,600,4.406028855,14.349,245,2,187744.557,5062500,0,0.25,0.25,0.25,6000,1,1,1,0.471626,5.631000059,1,14.61144816,0.257007698,1177.658267
-0.066,700,5.969066765,11.25801001,197.5,14,3436574.44,16810000,16,2.25,0,0,9500,11,3,0,-1.4,3.67,2,12.86897415,1,1478.542707
0.153,500,9.899554077,15.38519502,175.5,8,682771.69,6760000,1,1,0,0,6500,5,5,0,-1.4,3.46,2,14.05822872,1,1668.835965
0.155,900,5.150549586,11.429,196.5,12,50625,2102500,4,4,0,0,3400,8,4,0,0.426,3.23,2,13.66680695,0.927480781,3932.578714
0.172,500,5.742757452,12.3805,193.5,12,3121582.24,18062500,9,2.25,0,0,9800,9,3,0,-1.4,3.65,2,11.92095198,1,1863.115682
0.206,900,7.889818782,12.075,191.5,8,214832.25,1822500,0,4,0.25,0.25,3200,4,4,1,1.05,2.7,1,14.29849111,0.423443309,1597.526649
0.248,800,6.709635892,14.80519502,185.5,6,556068.49,6250000,4,4,0,0,6500,5,5,0,0.377,3.46,2,11.34365662,0.694285016,1464.844193
0.283,600,3.870625262,8.754,226.5,2,216839.2356,1518363.496,0,0,0,0,6000,1,0,1,0.471626,3.75,1,13.99425498,0.077082688,1301.565547
0.36,900,2.530430196,15.096,164.5,2,266844.5649,490000,0,0.25,0.25,0.25,2900,1,1,1,0.618049,3.49,1,15.07314742,0.08421982,950.1172608
0.383,800,4.553779458,21.3625,163,24,1079991,16875,0,0.1875,0.1875,0.1875,1500,1,1,1,1.302,4.09,1,14.77482268,0.010189294,963.0220231
0.387,900,6.949384388,8.6015,212,8,3010225,810000,16,0,0,0,3400,8,0,0,0.426,2.66,2,14.16803261,0.29469977,1133.949959
0.469,800,6.979307319,13.29519502,197,6,404814.0625,640000,4,4,0,0,6500,5,5,0,0.377,3.46,2,12.45690102,0.071094786,1524.677223
0.477,700,5.68673269,12.3805,193.5,12,3121582.24,18062500,9,2.25,0,0,9800,9,3,0,-1.4,3.65,2,12.49613396,1,1536.871633
0.493,900,8.090510191,18.72019502,171.5,6,676498.025,6250000,4,4,0,0,6500,5,5,0,0.377,3.46,2,14.01874737,0.675886357,1486.136048
0.511,900,5.742757452,12.3805,193.5,12,3121582.24,18062500,9,2.25,0,0,9800,9,3,0,-1.4,3.65,2,13.09652531,1,1355.624939
0.571,500,6.514133851,7.614,278.5,2,1132521.64,6002500,0,0,0,0,6000,1,0,1,0.471626,4.08,1,12.6676976,1,1430.609818
0.572,900,5.96970124,8.427623128,214,12,2036329,9610000,9,2.25,0,0,9500,9,3,0,0.47,3.75,2,13.80423764,1,1230.991164
0.584,1000,6.055751177,14.26019502,190.5,6,488670.9025,2560000,4,4,0,0,6500,5,5,0,0.377,3.46,2,13.1653571,0.269696065,1387.342094
0.706,700,6.819963595,12.98519502,188,8,346332.25,5062500,1,1,0,0,6500,5,5,0,0.377,3.46,2,11.68436222,0.723565732,1524.919115
0.746,700,3.870625262,8.754,226.5,2,216839.2356,1518363.496,0,0,0,0,6000,1,0,1,0.471626,3.75,1,14.30255634,0.075991015,1202.419799
0.754,1000,5.7166201,14.80519502,185.5,6,556068.49,6250000,4,4,0,0,6500,5,5,0,0.377,3.46,2,13.66596214,0.658437659,1361.034704
0.767,1000,6.949384388,8.6015,212,8,3010225,810000,16,0,0,0,3400,8,0,0,0.426,2.66,2,14.37875364,0.279947467,1099.345267
0.822,800,7.068918856,14.26019502,190.5,6,488670.9025,2560000,4,4,0,0,6500,5,5,0,0.377,3.46,2,12.65832365,0.284379143,1495.936012
0.834,500,4.249038612,8.924,270.5,2,61033.7025,302500,0,0.25,0.25,0.25,6000,1,1,1,0.471626,6.05,1,14.38435241,0.015580834,1142.25039
0.84,800,5.68673269,12.3805,193.5,12,3121582.24,18062500,9,2.25,0,0,9800,9,3,0,-1.4,3.65,2,12.76319674,1,1434.920368
0.853,600,7.229507537,11.25801001,197.5,14,3436574.44,16810000,16,2.25,0,0,9500,11,3,0,-1.4,3.67,2,13.51289186,1,1613.234548
0.855,1000,6.05014633,13.29519502,197,6,404814.0625,640000,4,4,0,0,6500,5,5,0,0.377,3.46,2,13.17603781,0.067424016,1409.010653
0.938,600,6.786981166,10.95262313,199,12,3335371.69,16810000,9,2.25,0,0,9500,9,3,0,-1.4,3.75,2,13.17677274,1,1557.182215
0.963,700,4.553779458,21.3625,163,24,1079991,16875,0,0.1875,0.1875,0.1875,1500,1,1,1,1.302,4.09,1,14.5077599,0.011551494,974.1227149
0.999,700,4.60189752,12.3805,193.5,12,3121582.24,18062500,9,2.25,0,0,9800,9,3,0,-1.4,3.65,2,12.48471655,1,1536.871633
1.013,900,2.355668427,12.3165,166.5,2,1594128.458,13322500,1,1,0,0,8000,2,2,0,-2.4,2.29,2,13.17665813,1,1678.483069
1.024,900,5.68673269,12.3805,193.5,12,3121582.24,18062500,9,2.25,0,0,9800,9,3,0,-1.4,3.65,2,12.99876281,1,1355.624939
1.027,500,5.320322249,12.5,204.5,2,1027689.063,3422500,0,0.25,0.25,0.25,4900,1,1,1,1.302,4.09,1,13.62659537,0.225240048,1172.846952
1.031,900,8.356280164,12.65796096,195.5,11,986644.89,16810000,6.25,2.25,0,0,9500,8,3,0,-1.4,4.039,2,14.52822623,1,1303.226585
1.033,700,5.150549586,11.429,196.5,12,50625,2102500,4,4,0,0,3400,8,4,0,0.426,3.23,2,13.16417809,1.063365275,4211.710046
1.131,900,6.709635892,14.80519502,185.5,6,556068.49,6250000,4,4,0,0,6500,5,5,0,0.377,3.46,2,11.5792227,0.675886357,1407.172255
1.16,500,5.324385941,12.5,204.5,2,1027689.063,3422500,0,0.25,0.25,0.25,4900,1,1,1,1.302,4.09,1,13.62536744,0.225240048,1172.846952
1.282,800,6.819963595,12.98519502,188,8,346332.25,5062500,1,1,0,0,6500,5,5,0,0.377,3.46,2,11.95142501,0.699081011,1445.443446
1.286,500,3.321935199,8.754,226.5,2,216839.2356,1518363.496,0,0,0,0,6000,1,0,1,0.471626,3.75,1,13.78250195,0.078206183,1440.369593
1.424,600,6.514133851,7.614,278.5,2,1132521.64,6002500,0,0,0,0,6000,1,0,1,0.471626,4.08,1,13.03234072,1,1284.733422
1.458,800,5.969066765,11.25801001,197.5,14,3436574.44,16810000,16,2.25,0,0,9500,11,3,0,-1.4,3.67,2,13.13603693,1,1377.523826
1.494,800,3.870625262,8.754,226.5,2,216839.2356,1518363.496,0,0,0,0,6000,1,0,1,0.471626,3.75,1,14.56961912,0.074929832,1128.060488
1.506,700,6.786981166,10.95262313,199,12,3335371.69,16810000,9,2.25,0,0,9500,9,3,0,-1.4,3.75,2,13.4850741,1,1425.688017
1.525,1000,2.355668427,12.3165,166.5,2,1594128.458,13322500,1,1,0,0,8000,2,2,0,-2.4,2.29,2,13.38737916,1,1608.124305
1.529,600,4.553779458,21.3625,163,24,1079991,16875,0,0.1875,0.1875,0.1875,1500,1,1,1,1.302,4.09,1,14.19945854,0.013334124,988.9236374
1.531,800,8.356280164,12.65796096,195.5,11,986644.89,16810000,6.25,2.25,0,0,9500,8,3,0,-1.4,4.039,2,14.29266016,1,1377.30132
1.531,500,2.610597083,8.8935,206.5,2,221238.5296,1518363.496,0,0,0,0,6000,1,0,1,0.48592,3.75,1,13.95434882,0.078033828,1303.092988
1.555,500,7.627429946,11.26365188,197,13,2662771.24,16810000,12.25,2.25,0,0,9500,10,3,0,-1.4,3.66,2,13.33274187,1,1818.644641
1.623,1000,5.96970124,8.427623128,214,12,2036329,9610000,9,2.25,0,0,9500,9,3,0,0.47,3.75,2,14.01495867,1,1162.542166
1.651,1000,8.090510191,18.72019502,171.5,6,676498.025,6250000,4,4,0,0,6500,5,5,0,0.377,3.46,2,14.2294684,0.658437659,1444.762861
1.732,500,3.554949583,8.924,270.5,2,61033.7025,302500,0,0.25,0.25,0.25,6000,1,1,1,0.471626,6.05,1,14.47806583,0.015580834,1142.25039
1.837,900,6.979307319,13.29519502,197,6,404814.0625,640000,4,4,0,0,6500,5,5,0,0.377,3.46,2,12.69246709,0.069210763,1460.418018
1.845,900,7.068918856,14.26019502,190.5,6,488670.9025,2560000,4,4,0,0,6500,5,5,0,0.377,3.46,2,12.89388972,0.276843052,1435.606058
1.845,800,4.60189752,12.3805,193.5,12,3121582.24,18062500,9,2.25,0,0,9800,9,3,0,-1.4,3.65,2,12.75177934,1,1434.920368
1.868,600,5.320322249,12.5,204.5,2,1027689.063,3422500,0,0.25,0.25,0.25,4900,1,1,1,1.302,4.09,1,13.99123848,0.216164084,1086.943364
1.882,700,6.514133851,7.614,278.5,2,1132521.64,6002500,0,0,0,0,6000,1,0,1,0.471626,4.08,1,13.34064208,1,1180.535996
1.914,600,4.249038612,8.924,270.5,2,61033.7025,302500,0,0.25,0.25,0.25,6000,1,1,1,0.471626,6.05,1,14.74899552,0.015357003,1033.069508
1.938,800,5.150549586,11.429,196.5,12,50625,2102500,4,4,0,0,3400,8,4,0,0.426,3.23,2,13.43124088,0.990785654,4054.698672
2.015,800,6.514133851,7.614,278.5,2,1132521.64,6002500,0,0,0,0,6000,1,0,1,0.471626,4.08,1,13.60770486,1,1102.387926
2.023,800,2.530430196,15.096,164.5,2,266844.5649,490000,0,0.25,0.25,0.25,2900,1,1,1,0.618049,3.49,1,14.83758135,0.086896786,971.0082683
2.046,500,4.553779458,21.3625,163,24,1079991,16875,0,0.1875,0.1875,0.1875,1500,1,1,1,1.302,4.09,1,13.83481543,0.015767344,1009.644929
2.095,600,9.899554077,15.38519502,175.5,8,682771.69,6760000,1,1,0,0,6500,5,5,0,-1.4,3.46,2,14.42287183,1,1541.452262
2.114,900,3.870625262,8.754,226.5,2,216839.2356,1518363.496,0,0,0,0,6000,1,0,1,0.471626,3.75,1,14.80518519,0.073897879,1070.225469
2.115,1000,6.819963595,12.98519502,188,8,346332.25,5062500,1,1,0,0,6500,5,5,0,0.377,3.46,2,12.39771211,0.654767679,1334.177511
2.192,600,3.321935199,8.754,226.5,2,216839.2356,1518363.496,0,0,0,0,6000,1,0,1,0.471626,3.75,1,14.14714506,0.077082688,1301.565547
2.207,700,9.899554077,15.38519502,175.5,8,682771.69,6760000,1,1,0,0,6500,5,5,0,-1.4,3.46,2,14.73117319,1,1450.463903
2.21,1000,6.709635892,14.80519502,185.5,6,556068.49,6250000,4,4,0,0,6500,5,5,0,0.377,3.46,2,11.78994373,0.658437659,1361.034704
2.245,500,3.164377303,10.0285,244,2,98941.7025,1822500,0,0.25,0.25,0.25,6000,1,1,1,0.48592,5.59,1,14.42248199,0.09366443,1116.458603
2.32,600,7.627429946,11.26365188,197,13,2662771.24,16810000,12.25,2.25,0,0,9500,10,3,0,-1.4,3.66,2,13.69738498,1,1628.348989
2.331,600,2.610597083,8.8935,206.5,2,221238.5296,1518363.496,0,0,0,0,6000,1,0,1,0.48592,3.75,1,14.31899193,0.076881843,1178.356301
2.339,600,5.324385941,12.5,204.5,2,1027689.063,3422500,0,0.25,0.25,0.25,4900,1,1,1,1.302,4.09,1,13.99001055,0.216164084,1086.943364
2.463,900,6.514133851,7.614,278.5,2,1132521.64,6002500,0,0,0,0,6000,1,0,1,0.471626,4.08,1,13.84327093,1,1041.606095
2.501,700,7.229507537,11.25801001,197.5,14,3436574.44,16810000,16,2.25,0,0,9500,11,3,0,-1.4,3.67,2,13.82119322,1,1478.542707
2.575,600,5.536591818,13.07,200.5,6,1150149.003,2402500,1,1,0,0,5300,4,4,0,1.232712,4.36,2,14.04940134,0.279305551,1101.735927
2.645,1000,3.870625262,8.754,226.5,2,216839.2356,1518363.496,0,0,0,0,6000,1,0,1,0.471626,3.75,1,15.01590623,0.072893965,1023.957453
2.651,1000,6.514133851,7.614,278.5,2,1132521.64,6002500,0,0,0,0,6000,1,0,1,0.471626,4.08,1,14.05399197,1,992.9806292
2.657,600,3.554949583,8.924,270.5,2,61033.7025,302500,0,0.25,0.25,0.25,6000,1,1,1,0.471626,6.05,1,14.84270895,0.015357003,1033.069508
2.68,800,6.786981166,10.95262313,199,12,3335371.69,16810000,9,2.25,0,0,9500,9,3,0,-1.4,3.75,2,13.75213688,1,1327.067368
2.683,900,5.969066765,11.25801001,197.5,14,3436574.44,16810000,16,2.25,0,0,9500,11,3,0,-1.4,3.67,2,13.371603,1,1298.953586
2.694,1000,6.979307319,13.29519502,197,6,404814.0625,640000,4,4,0,0,6500,5,5,0,0.377,3.46,2,12.90318812,0.067424016,1409.010653
2.861,500,3.175106447,10.434,259,2,127092.25,5062500,0,0.25,0.25,0.25,6000,1,1,1,0.471626,6.05,1,14.5258606,0.260753634,1091.465092
2.891,900,4.60189752,12.3805,193.5,12,3121582.24,18062500,9,2.25,0,0,9800,9,3,0,-1.4,3.65,2,12.98734541,1,1355.624939
2.954,500,3.145937604,10.5735,239,2,130465.44,5062500,0,0.25,0.25,0.25,6000,1,1,1,0.48592,5.59,1,14.42499124,0.260178972,1094.707748
2.985,1000,7.068918856,14.26019502,190.5,6,488670.9025,2560000,4,4,0,0,6500,5,5,0,0.377,3.46,2,13.10461075,0.269696065,1387.342094
2.988,500,7.209653513,13.605,199.5,8,1888013.403,1210000,0,0.25,0.25,0.25,3300,1,1,1,2.30863,4.08,1,13.30917668,0.234020396,1024.420176
2.994,500,4.917995434,13.465,198,2,1158959.903,1102500,0,0.25,0.25,0.25,3300,1,1,1,1.302,4.09,1,13.74125933,0.145193789,1017.099208
3.063,700,4.249038612,8.924,270.5,2,61033.7025,302500,0,0.25,0.25,0.25,6000,1,1,1,0.471626,6.05,1,15.05729688,0.015139512,955.0831637
3.088,700,5.320322249,12.5,204.5,2,1027689.063,3422500,0,0.25,0.25,0.25,4900,1,1,1,1.302,4.09,1,14.29953984,0.207791214,1025.583658
3.098,700,5.324385941,12.5,204.5,2,1027689.063,3422500,0,0.25,0.25,0.25,4900,1,1,1,1.302,4.09,1,14.29831191,0.207791214,1025.583658
3.156,1000,5.969066765,11.25801001,197.5,14,3436574.44,16810000,16,2.25,0,0,9500,11,3,0,-1.4,3.67,2,13.58232404,1,1236.097394
3.18,700,2.530430196,15.096,164.5,2,266844.5649,490000,0,0.25,0.25,0.25,2900,1,1,1,0.618049,3.49,1,14.57051856,0.089749516,997.8681352
3.325,500,5.536591818,13.07,200.5,6,1150149.003,2402500,1,1,0,0,5300,4,4,0,1.232712,4.36,2,13.68475823,0.30226386,1190.59912
3.333,700,3.321935199,8.754,226.5,2,216839.2356,1518363.496,0,0,0,0,6000,1,0,1,0.471626,3.75,1,14.45544642,0.075991015,1202.419799
3.364,600,3.164377303,10.0285,244,2,98941.7025,1822500,0,0.25,0.25,0.25,6000,1,1,1,0.48592,5.59,1,14.7871251,0.092281696,1015.09368
3.376,500,5.287673764,11.065,196.5,8,147456,1440000,1,1,0,0,7900,5,5,0,0.43,4.51,2,13.60007581,0.151582936,1568.43305
3.424,700,2.610597083,8.8935,206.5,2,221238.5296,1518363.496,0,0,0,0,6000,1,0,1,0.48592,3.75,1,14.62729329,0.075763375,1089.258667
3.464,800,7.229507537,11.25801001,197.5,14,3436574.44,16810000,16,2.25,0,0,9500,11,3,0,-1.4,3.67,2,14.088256,1,1377.523826
3.482,800,5.287673764,11.065,196.5,8,147456,1440000,1,1,0,0,7900,5,5,0,0.43,4.51,2,14.54008307,0.136897094,1222.519563
3.511,700,4.406028855,14.349,245,2,187744.557,5062500,0,0.25,0.25,0.25,6000,1,1,1,0.471626,5.631000059,1,14.91974952,0.253367863,1108.564302
3.546,700,5.536591818,13.07,200.5,6,1150149.003,2402500,1,1,0,0,5300,4,4,0,1.232712,4.36,2,14.3577027,0.259588621,1038.262217
3.546,500,3.701679718,10.0285,244,2,98941.7025,1822500,0,0.25,0.25,0.25,6000,1,1,1,0.48592,5.59,1,14.34645662,0.09366443,1116.458603
3.548,900,6.786981166,10.95262313,199,12,3335371.69,16810000,9,2.25,0,0,9500,9,3,0,-1.4,3.75,2,13.98770295,1,1250.362419
3.551,900,5.536591818,13.07,200.5,6,1150149.003,2402500,1,1,0,0,5300,4,4,0,1.232712,4.36,2,14.86033156,0.227472787,953.630605
3.563,500,4.985107254,11.0415,179.5,2,980100,6502500,1,1,0,0,8000,2,2,0,-2.4,2.29,2,13.61741462,0.290290179,2386.893303
3.571,800,3.321935199,8.754,226.5,2,216839.2356,1518363.496,0,0,0,0,6000,1,0,1,0.471626,3.75,1,14.7225092,0.074929832,1128.060488
3.615,700,5.287673764,11.065,196.5,8,147456,1440000,1,1,0,0,7900,5,5,0,0.43,4.51,2,14.27302029,0.141465643,1304.879917
3.639,800,9.899554077,15.38519502,175.5,8,682771.69,6760000,1,1,0,0,6500,5,5,0,-1.4,3.46,2,14.99823598,1,1382.222633
3.644,1000,8.356280164,12.65796096,195.5,11,986644.89,16810000,6.25,2.25,0,0,9500,8,3,0,-1.4,4.039,2,14.73894726,1,1243.966798
3.682,1000,4.60189752,12.3805,193.5,12,3121582.24,18062500,9,2.25,0,0,9800,9,3,0,-1.4,3.65,2,13.19806644,1,1292.188596
3.682,600,7.209653513,13.605,199.5,8,1888013.403,1210000,0,0.25,0.25,0.25,3300,1,1,1,2.30863,4.08,1,13.6738198,0.203966821,968.6487237
3.703,500,5.335683812,11.4365,189,8,545382.25,0,1,1,0,0,3300,5,5,0,0.3,4.13,2,13.29031124,0.001777778,958.165066
3.739,700,3.554949583,8.924,270.5,2,61033.7025,302500,0,0.25,0.25,0.25,6000,1,1,1,0.471626,6.05,1,15.15101031,0.015139512,955.0831637
3.744,800,5.320322249,12.5,204.5,2,1027689.063,3422500,0,0.25,0.25,0.25,4900,1,1,1,1.302,4.09,1,14.56660263,0.200042785,979.5638781
3.761,500,2.413084958,10.186,197.5,12,1626900.25,3062500,9,2.25,0,0,5500,9,3,0,0.188,3.31,2,13.73938913,1.008119822,1470.486689
3.792,600,3.175106447,10.434,259,2,127092.25,5062500,0,0.25,0.25,0.25,6000,1,1,1,0.471626,6.05,1,14.89050371,0.257007698,994.1605464
3.803,600,4.917995434,13.465,198,2,1158959.903,1102500,0,0.25,0.25,0.25,3300,1,1,1,1.302,4.09,1,14.10590245,0.13741811,961.3399687
3.814,600,2.530430196,15.096,164.5,2,266844.5649,490000,0,0.25,0.25,0.25,2900,1,1,1,0.618049,3.49,1,14.2622172,0.092795908,1033.681291
3.853,500,6.224582901,13.465,198,2,1158959.903,1102500,0,0.25,0.25,0.25,3300,1,1,1,1.302,4.09,1,13.3076664,0.145193789,1017.099208
3.858,500,5.053200624,11.735,186,8,810000,1210000,1,1,0,0,5500,5,5,0,0.43,4.13,2,13.45103134,0.243767313,1152.903264
3.867,600,3.145937604,10.5735,239,2,130465.44,5062500,0,0.25,0.25,0.25,6000,1,1,1,0.48592,5.59,1,14.78963436,0.256338044,997.7172283
3.893,800,4.249038612,8.924,270.5,2,61033.7025,302500,0,0.25,0.25,0.25,6000,1,1,1,0.471626,6.05,1,15.32435967,0.014928095,896.5934053
3.937,800,5.324385941,12.5,204.5,2,1027689.063,3422500,0,0.25,0.25,0.25,4900,1,1,1,1.302,4.09,1,14.5653747,0.200042785,979.5638781
3.946,600,5.287673764,11.065,196.5,8,147456,1440000,1,1,0,0,7900,5,5,0,0.43,4.51,2,13.96471893,0.146349644,1414.693723
3.953,500,4.06340629,9.671,190,2,109114.6056,1000000,0,0.25,0.25,0.25,4900,1,1,1,0.618049,3.49,1,13.46208853,0.073968764,1269.20499
3.96,600,5.335683812,11.4365,189,8,545382.25,0,1,1,0,0,3300,5,5,0,0.3,4.13,2,13.65495436,0.001687764,899.7290295
3.976,500,5.356180845,14.01,193,2,1261578.24,22500,0,0.25,0.25,0.25,1500,1,1,1,1.302,4.09,1,13.61570757,0.010706638,837.8733965
3.981,900,9.899554077,15.38519502,175.5,8,682771.69,6760000,1,1,0,0,6500,5,5,0,-1.4,3.46,2,15.23380205,1,1329.14609
3.991,700,3.164377303,10.0285,244,2,98941.7025,1822500,0,0.25,0.25,0.25,6000,1,1,1,0.48592,5.59,1,15.09542646,0.090939193,942.6901638
4.001,500,6.628100894,13.9615,174,8,1294588.84,1000000,1,1,0,0,3300,5,5,0,-1.4,4.039,2,12.1931769,1.054018445,967.7189524
4.027,500,4.406028855,14.349,245,2,187744.557,5062500,0,0.25,0.25,0.25,6000,1,1,1,0.471626,5.631000059,1,14.24680505,0.260753634,1274.389818
4.037,900,7.229507537,11.25801001,197.5,14,3436574.44,16810000,16,2.25,0,0,9500,11,3,0,-1.4,3.67,2,14.32382207,1,1298.953586
4.088,700,4.917995434,13.465,198,2,1158959.903,1102500,0,0.25,0.25,0.25,3300,1,1,1,1.302,4.09,1,14.41420381,0.130432931,921.511941
4.129,900,3.321935199,8.754,226.5,2,216839.2356,1518363.496,0,0,0,0,6000,1,0,1,0.471626,3.75,1,14.95807528,0.073897879,1070.225469
4.156,600,4.985107254,11.0415,179.5,2,980100,6502500,1,1,0,0,8000,2,2,0,-2.4,2.29,2,13.98205773,0.317504883,2151.512544
4.205,700,7.209653513,13.605,199.5,8,1888013.403,1210000,0,0.25,0.25,0.25,3300,1,1,1,2.30863,4.08,1,13.98212116,0.180753885,928.8119721
4.234,1000,6.786981166,10.95262313,199,12,3335371.69,16810000,9,2.25,0,0,9500,9,3,0,-1.4,3.75,2,14.19842398,1,1188.99846
4.282,900,5.320322249,12.5,204.5,2,1027689.063,3422500,0,0.25,0.25,0.25,4900,1,1,1,1.302,4.09,1,14.8021687,0.192851452,943.7707162
4.293,500,3.823847394,11.565,210.5,8,56406.25,90000,0,0,0,0,5300,4,4,0,1.232712,5.43,2,14.39493561,0.013278377,1275.707548
4.304,900,5.287673764,11.065,196.5,8,147456,1440000,1,1,0,0,7900,5,5,0,0.43,4.51,2,14.77564914,0.132614391,1158.46151
4.304,800,3.554949583,8.924,270.5,2,61033.7025,302500,0,0.25,0.25,0.25,6000,1,1,1,0.471626,6.05,1,15.41807309,0.014928095,896.5934053
4.306,800,2.610597083,8.8935,206.5,2,221238.5296,1518363.496,0,0,0,0,6000,1,0,1,0.48592,3.75,1,14.89435608,0.074676984,1022.435442
4.319,600,3.701679718,10.0285,244,2,98941.7025,1822500,0,0.25,0.25,0.25,6000,1,1,1,0.48592,5.59,1,14.71109973,0.092281696,1015.09368
4.348,900,4.249038612,8.924,270.5,2,61033.7025,302500,0,0.25,0.25,0.25,6000,1,1,1,0.471626,6.05,1,15.55992574,0.014722501,851.101371
4.361,600,6.628100894,13.9615,174,8,1294588.84,1000000,1,1,0,0,3300,5,5,0,-1.4,4.039,2,12.55782001,0.708842814,915.9478828
4.375,700,7.627429946,11.26365188,197,13,2662771.24,16810000,12.25,2.25,0,0,9500,10,3,0,-1.4,3.66,2,14.00568634,1,1492.423524
4.379,500,3.749127576,10.434,259,2,127092.25,5062500,0,0.25,0.25,0.25,6000,1,1,1,0.471626,6.05,1,14.45272109,0.260753634,1091.465092
4.402,800,7.627429946,11.26365188,197,13,2662771.24,16810000,12.25,2.25,0,0,9500,10,3,0,-1.4,3.66,2,14.27274912,1,1390.479425
4.407,700,5.335683812,11.4365,189,8,545382.25,0,1,1,0,0,3300,5,5,0,0.3,4.13,2,13.96325572,0.001606426,857.9890034
4.411,1000,9.899554077,15.38519502,175.5,8,682771.69,6760000,1,1,0,0,6500,5,5,0,-1.4,3.46,2,15.44452308,1,1286.684856
4.425,800,5.536591818,13.07,200.5,6,1150149.003,2402500,1,1,0,0,5300,4,4,0,1.232712,4.36,2,14.62476549,0.242471878,990.6569354
4.433,800,3.164377303,10.0285,244,2,98941.7025,1822500,0,0.25,0.25,0.25,6000,1,1,1,0.48592,5.59,1,15.36248925,0.089635191,888.3875265
4.446,900,5.324385941,12.5,204.5,2,1027689.063,3422500,0,0.25,0.25,0.25,4900,1,1,1,1.302,4.09,1,14.80094077,0.192851452,943.7707162
4.468,500,4.006314015,11.86,183.5,8,1126782.25,3062500,1,1,0,0,5500,5,5,0,0.43,4.51,2,13.93465339,0.616973055,1017.304885
4.494,500,4.58162144,11.5615,186.5,8,810000,422500,1,1,0,0,3300,5,5,0,0.3,4.59,2,13.80145854,0.227609428,820.7942036
4.496,1000,5.287673764,11.065,196.5,8,147456,1440000,1,1,0,0,7900,5,5,0,0.43,4.51,2,14.98637018,0.128591521,1107.215068
4.541,600,5.053200624,11.735,186,8,810000,1210000,1,1,0,0,5500,5,5,0,0.43,4.13,2,13.81567445,0.232681121,1059.93401
4.547,500,2.671979177,10.5735,239,2,130465.44,5062500,0,0.25,0.25,0.25,6000,1,1,1,0.48592,5.59,1,14.48741648,0.260178972,1094.707748
4.549,1000,3.321935199,8.754,226.5,2,216839.2356,1518363.496,0,0,0,0,6000,1,0,1,0.471626,3.75,1,15.16879631,0.072893965,1023.957453
4.549,900,2.610597083,8.8935,206.5,2,221238.5296,1518363.496,0,0,0,0,6000,1,0,1,0.48592,3.75,1,15.12992215,0.073621308,970.4618221
4.55,500,3.902306055,9.0635,250.5,2,63378.0625,302500,0,0.25,0.25,0.25,6000,1,1,1,0.48592,5.59,1,14.31651841,0.015546497,1148.301776
4.586,600,4.06340629,9.671,190,2,109114.6056,1000000,0,0.25,0.25,0.25,4900,1,1,1,0.618049,3.49,1,13.82673164,0.072348095,1162.737175
4.608,700,3.175106447,10.434,259,2,127092.25,5062500,0,0.25,0.25,0.25,6000,1,1,1,0.471626,6.05,1,15.19880507,0.253367863,924.6572993
4.619,800,7.209653513,13.605,199.5,8,1888013.403,1210000,0,0.25,0.25,0.25,3300,1,1,1,2.30863,4.08,1,14.24918394,0.162284685,898.9344084
4.627,900,3.554949583,8.924,270.5,2,61033.7025,302500,0,0.25,0.25,0.25,6000,1,1,1,0.471626,6.05,1,15.65363916,0.014722501,851.101371
4.633,500,2.530430196,15.096,164.5,2,266844.5649,490000,0,0.25,0.25,0.25,2900,1,1,1,0.618049,3.49,1,13.89757409,0.096056375,1083.819709
4.646,600,2.413084958,10.186,197.5,12,1626900.25,3062500,9,2.25,0,0,5500,9,3,0,0.188,3.31,2,14.10403224,0.974935535,1343.237928
4.716,600,6.224582901,13.465,198,2,1158959.903,1102500,0,0.25,0.25,0.25,3300,1,1,1,1.302,4.09,1,13.67230952,0.13741811,961.3399687
4.724,1000,3.554949583,8.924,270.5,2,61033.7025,302500,0,0.25,0.25,0.25,6000,1,1,1,0.471626,6.05,1,15.86436019,0.014522494,814.7077436
4.726,1000,5.320322249,12.5,204.5,2,1027689.063,3422500,0,0.25,0.25,0.25,4900,1,1,1,1.302,4.09,1,15.01288973,0.186159218,915.1361868
4.751,900,3.164377303,10.0285,244,2,98941.7025,1822500,0,0.25,0.25,0.25,6000,1,1,1,0.48592,5.59,1,15.59805532,0.088368058,846.1521419
4.77,600,3.823847394,11.565,210.5,8,56406.25,90000,0,0,0,0,5300,4,4,0,1.232712,5.43,2,14.75957873,0.012110978,1174.02697
4.793,700,3.145937604,10.5735,239,2,130465.44,5062500,0,0.25,0.25,0.25,6000,1,1,1,0.48592,5.59,1,15.09793572,0.25260887,928.4382857
4.81,700,4.985107254,11.0415,179.5,2,980100,6502500,1,1,0,0,8000,2,2,0,-2.4,2.29,2,14.29035909,0.350350216,1983.38343
4.813,800,4.917995434,13.465,198,2,1158959.903,1102500,0,0.25,0.25,0.25,3300,1,1,1,1.302,4.09,1,14.68126659,0.124123536,891.6409201
4.814,700,5.053200624,11.735,186,8,810000,1210000,1,1,0,0,5500,5,5,0,0.43,4.13,2,14.12397581,0.222559433,993.5274006
4.818,500,4.168221274,9.889,264,2,96007.0225,1822500,0,0.25,0.25,0.25,6000,1,1,1,0.471626,6.05,1,14.39572678,0.093871308,1111.720659
4.825,500,3.359968009,9.0635,250.5,2,63378.0625,302500,0,0.25,0.25,0.25,6000,1,1,1,0.48592,5.59,1,14.39547128,0.015546497,1148.301776
4.829,600,5.356180845,14.01,193,2,1261578.24,22500,0,0.25,0.25,0.25,1500,1,1,1,1.302,4.09,1,13.98035068,0.009796238,813.2445488
4.843,500,3.337838835,12.586,185,12,2290076.89,4410000,9,2.25,0,0,5500,9,3,0,-1.4,3.31,2,12.60657614,3.317868339,1482.513304
4.869,1000,5.324385941,12.5,204.5,2,1027689.063,3422500,0,0.25,0.25,0.25,4900,1,1,1,1.302,4.09,1,15.0116618,0.186159218,915.1361868
4.908,600,4.006314015,11.86,183.5,8,1126782.25,3062500,1,1,0,0,5500,5,5,0,0.43,4.51,2,14.29929651,0.588913995,935.7187544
4.949,600,4.58162144,11.5615,186.5,8,810000,422500,1,1,0,0,3300,5,5,0,0.3,4.59,2,14.16610166,0.2160849,771.0805993
4.951,900,7.209653513,13.605,199.5,8,1888013.403,1210000,0,0.25,0.25,0.25,3300,1,1,1,2.30863,4.08,1,14.48475001,0.147239901,875.6963032
4.955,1000,7.229507537,11.25801001,197.5,14,3436574.44,16810000,16,2.25,0,0,9500,11,3,0,-1.4,3.67,2,14.53454311,1,1236.097394
4.976,800,5.335683812,11.4365,189,8,545382.25,0,1,1,0,0,3300,5,5,0,0.3,4.13,2,14.2303185,0.001532567,826.6839838
4.983,1000,3.164377303,10.0285,244,2,98941.7025,1822500,0,0.25,0.25,0.25,6000,1,1,1,0.48592,5.59,1,15.80877635,0.087136251,812.3638342
5.018,600,3.359968009,9.0635,250.5,2,63378.0625,302500,0,0.25,0.25,0.25,6000,1,1,1,0.48592,5.59,1,14.7601144,0.015316989,1039.269395
5.044,600,3.749127576,10.434,259,2,127092.25,5062500,0,0.25,0.25,0.25,6000,1,1,1,0.471626,6.05,1,14.81736421,0.257007698,994.1605464
5.074,1000,5.536591818,13.07,200.5,6,1150149.003,2402500,1,1,0,0,5300,4,4,0,1.232712,4.36,2,15.07105259,0.214221255,924.0095407
5.079,600,2.671979177,10.5735,239,2,130465.44,5062500,0,0.25,0.25,0.25,6000,1,1,1,0.48592,5.59,1,14.85205959,0.256338044,997.7172283
5.082,700,2.413084958,10.186,197.5,12,1626900.25,3062500,9,2.25,0,0,5500,9,3,0,0.188,3.31,2,14.4123336,0.943866282,1252.345955
5.085,800,3.145937604,10.5735,239,2,130465.44,5062500,0,0.25,0.25,0.25,6000,1,1,1,0.48592,5.59,1,15.3649985,0.248986643,876.4790787
5.089,700,3.823847394,11.565,210.5,8,56406.25,90000,0,0,0,0,5300,4,4,0,1.232712,5.43,2,15.06788009,0.01113226,1101.397986
5.095,500,3.485262633,9.889,264,2,96007.0225,1822500,0,0.25,0.25,0.25,6000,1,1,1,0.471626,6.05,1,14.48700721,0.093871308,1111.720659
5.125,700,6.628100894,13.9615,174,8,1294588.84,1000000,1,1,0,0,3300,5,5,0,-1.4,4.039,2,12.86612137,0.533974102,878.9685474
5.126,800,4.985107254,11.0415,179.5,2,980100,6502500,1,1,0,0,8000,2,2,0,-2.4,2.29,2,14.55742188,0.39077524,1857.286594
5.14,800,6.628100894,13.9615,174,8,1294588.84,1000000,1,1,0,0,3300,5,5,0,-1.4,4.039,2,13.13318416,0.428311382,851.2340458
5.142,600,3.902306055,9.0635,250.5,2,63378.0625,302500,0,0.25,0.25,0.25,6000,1,1,1,0.48592,5.59,1,14.68116152,0.015316989,1039.269395
5.171,800,3.175106447,10.434,259,2,127092.25,5062500,0,0.25,0.25,0.25,6000,1,1,1,0.471626,6.05,1,15.46586786,0.249829686,872.5298639
5.191,1000,2.610597083,8.8935,206.5,2,221238.5296,1518363.496,0,0,0,0,6000,1,0,1,0.48592,3.75,1,15.34064318,0.072595063,928.8829263
5.194,700,4.58162144,11.5615,186.5,8,810000,422500,1,1,0,0,3300,5,5,0,0.3,4.59,2,14.47440302,0.20567117,735.5708819
5.206,1000,4.249038612,8.924,270.5,2,61033.7025,302500,0,0.25,0.25,0.25,6000,1,1,1,0.471626,6.05,1,15.77064677,0.014522494,814.7077436
5.211,900,4.917995434,13.465,198,2,1158959.903,1102500,0,0.25,0.25,0.25,3300,1,1,1,1.302,4.09,1,14.91683266,0.118396381,868.4079039
5.221,1000,7.209653513,13.605,199.5,8,1888013.403,1210000,0,0.25,0.25,0.25,3300,1,1,1,2.30863,4.08,1,14.69547104,0.134747942,857.1058191
5.222,800,5.053200624,11.735,186,8,810000,1210000,1,1,0,0,5500,5,5,0,0.43,4.13,2,14.39103859,0.213281629,943.7224432
5.236,700,3.701679718,10.0285,244,2,98941.7025,1822500,0,0.25,0.25,0.25,6000,1,1,1,0.48592,5.59,1,15.01940109,0.090939193,942.6901638
5.257,700,4.06340629,9.671,190,2,109114.6056,1000000,0,0.25,0.25,0.25,4900,1,1,1,0.618049,3.49,1,14.135033,0.070796921,1086.688736
5.27,500,5.015197585,12.28,208.5,6,846400,1440000,1,1,0,0,5300,4,4,0,1.232712,4.45,2,13.86249548,0.181169598,1193.593038
5.337,700,3.749127576,10.434,259,2,127092.25,5062500,0,0.25,0.25,0.25,6000,1,1,1,0.471626,6.05,1,15.12566557,0.253367863,924.6572993
5.351,500,5.909652336,12.28,208.5,6,846400,1440000,1,1,0,0,5300,4,4,0,1.232712,4.45,2,13.62252334,0.181169598,1193.593038
5.354,700,3.359968009,9.0635,250.5,2,63378.0625,302500,0,0.25,0.25,0.25,6000,1,1,1,0.48592,5.59,1,15.06841576,0.01509416,961.3891234
5.374,700,2.671979177,10.5735,239,2,130465.44,5062500,0,0.25,0.25,0.25,6000,1,1,1,0.48592,5.59,1,15.16036095,0.25260887,928.4382857
5.403,700,4.006314015,11.86,183.5,8,1126782.25,3062500,1,1,0,0,5500,5,5,0,0.43,4.51,2,14.60759787,0.563296087,877.4429465
5.413,900,4.985107254,11.0415,179.5,2,980100,6502500,1,1,0,0,8000,2,2,0,-2.4,2.29,2,14.79298795,0.441745924,1759.211278
5.415,600,4.168221274,9.889,264,2,96007.0225,1822500,0,0.25,0.25,0.25,6000,1,1,1,0.471626,6.05,1,14.7603699,0.092522771,1010.142637
5.438,900,6.628100894,13.9615,174,8,1294588.84,1000000,1,1,0,0,3300,5,5,0,-1.4,4.039,2,13.36875023,0.35755788,829.6627668
5.455,600,3.337838835,12.586,185,12,2290076.89,4410000,9,2.25,0,0,5500,9,3,0,-1.4,3.31,2,12.97121925,2.100833664,1367.27795
5.486,900,5.335683812,11.4365,189,8,545382.25,0,1,1,0,0,3300,5,5,0,0.3,4.13,2,14.46588457,0.001465201,802.3356353
5.499,800,3.359968009,9.0635,250.5,2,63378.0625,302500,0,0.25,0.25,0.25,6000,1,1,1,0.48592,5.59,1,15.33547854,0.01487772,902.9789194
5.516,800,3.823847394,11.565,210.5,8,56406.25,90000,0,0,0,0,5300,4,4,0,1.232712,5.43,2,15.33494287,0.0102999,1046.926248
5.526,800,2.413084958,10.186,197.5,12,1626900.25,3062500,9,2.25,0,0,5500,9,3,0,0.188,3.31,2,14.67939639,0.914716102,1184.176976
5.531,800,4.58162144,11.5615,186.5,8,810000,422500,1,1,0,0,3300,5,5,0,0.3,4.59,2,14.7414658,0.196215024,708.9385939
5.532,700,5.356180845,14.01,193,2,1261578.24,22500,0,0.25,0.25,0.25,1500,1,1,1,1.302,4.09,1,14.28865204,0.00902853,795.6525148
5.546,1000,4.917995434,13.465,198,2,1158959.903,1102500,0,0.25,0.25,0.25,3300,1,1,1,1.302,4.09,1,15.12755369,0.113174427,849.8214909
5.558,800,2.671979177,10.5735,239,2,130465.44,5062500,0,0.25,0.25,0.25,6000,1,1,1,0.48592,5.59,1,15.42742374,0.248986643,876.4790787
5.567,900,3.175106447,10.434,259,2,127092.25,5062500,0,0.25,0.25,0.25,6000,1,1,1,0.471626,6.05,1,15.70143393,0.246388967,831.9863031
5.581,900,3.359968009,9.0635,250.5,2,63378.0625,302500,0,0.25,0.25,0.25,6000,1,1,1,0.48592,5.59,1,15.57104461,0.014667401,857.5487607
5.589,900,5.053200624,11.735,186,8,810000,1210000,1,1,0,0,5500,5,5,0,0.43,4.13,2,14.62660467,0.204746394,904.9852542
5.593,600,3.485262633,9.889,264,2,96007.0225,1822500,0,0.25,0.25,0.25,6000,1,1,1,0.471626,6.05,1,14.85165032,0.092522771,1010.142637
5.596,1000,5.053200624,11.735,186,8,810000,1210000,1,1,0,0,5500,5,5,0,0.43,4.13,2,14.8373257,0.196868009,873.9955029
5.624,900,7.627429946,11.26365188,197,13,2662771.24,16810000,12.25,2.25,0,0,9500,10,3,0,-1.4,3.66,2,14.5083152,1,1311.18957
5.628,700,3.902306055,9.0635,250.5,2,63378.0625,302500,0,0.25,0.25,0.25,6000,1,1,1,0.48592,5.59,1,14.98946288,0.01509416,961.3891234
5.672,900,2.671979177,10.5735,239,2,130465.44,5062500,0,0.25,0.25,0.25,6000,1,1,1,0.48592,5.59,1,15.66298981,0.245466828,836.0663622
5.672,800,3.701679718,10.0285,244,2,98941.7025,1822500,0,0.25,0.25,0.25,6000,1,1,1,0.48592,5.59,1,15.28646387,0.089635191,888.3875265
5.674,1000,3.359968009,9.0635,250.5,2,63378.0625,302500,0,0.25,0.25,0.25,6000,1,1,1,0.48592,5.59,1,15.78176564,0.014462944,821.2046338
5.698,800,4.006314015,11.86,183.5,8,1126782.25,3062500,1,1,0,0,5500,5,5,0,0.43,4.51,2,14.87466065,0.53981404,833.7360905
5.701,600,5.015197585,12.28,208.5,6,846400,1440000,1,1,0,0,5300,4,4,0,1.232712,4.45,2,14.22713859,0.167408947,1101.430405
5.724,500,0.824862689,9.501,146,2,301329.6342,100984.8072,0,0,0,0,3535.562136,1,0,1,0.618049,3.49,1,14.22888871,0.013753136,750.4675245
5.733,1000,5.335683812,11.4365,189,8,545382.25,0,1,1,0,0,3300,5,5,0,0.3,4.13,2,14.6766056,0.001403509,782.8569564
5.739,1000,2.671979177,10.5735,239,2,130465.44,5062500,0,0.25,0.25,0.25,6000,1,1,1,0.48592,5.59,1,15.87371084,0.242045142,803.7361889
5.743,1000,4.985107254,11.0415,179.5,2,980100,6502500,1,1,0,0,8000,2,2,0,-2.4,2.29,2,15.00370898,0.508007812,1680.751025
5.746,1000,6.628100894,13.9615,174,8,1294588.84,1000000,1,1,0,0,3300,5,5,0,-1.4,4.039,2,13.57947126,0.30686613,812.4057436
5.753,800,3.749127576,10.434,259,2,127092.25,5062500,0,0.25,0.25,0.25,6000,1,1,1,0.471626,6.05,1,15.39272835,0.249829686,872.5298639
5.758,900,3.823847394,11.565,210.5,8,56406.25,90000,0,0,0,0,5300,4,4,0,1.232712,5.43,2,15.57050894,0.009583352,1004.559341
5.774,900,4.58162144,11.5615,186.5,8,810000,422500,1,1,0,0,3300,5,5,0,0.3,4.59,2,14.97703187,0.187590188,688.2245922
5.791,700,4.168221274,9.889,264,2,96007.0225,1822500,0,0.25,0.25,0.25,6000,1,1,1,0.471626,6.05,1,15.06867126,0.091212431,937.5869075
5.8,700,6.224582901,13.465,198,2,1158959.903,1102500,0,0.25,0.25,0.25,3300,1,1,1,1.302,4.09,1,13.98061088,0.130432931,921.511941
5.824,900,2.413084958,10.186,197.5,12,1626900.25,3062500,9,2.25,0,0,5500,9,3,0,0.188,3.31,2,14.91496246,0.887312518,1131.156658
5.838,900,3.145937604,10.5735,239,2,130465.44,5062500,0,0.25,0.25,0.25,6000,1,1,1,0.48592,5.59,1,15.60056457,0.245466828,836.0663622
5.848,1000,3.175106447,10.434,259,2,127092.25,5062500,0,0.25,0.25,0.25,6000,1,1,1,0.471626,6.05,1,15.91215496,0.243041733,799.5514544
5.859,1000,2.413084958,10.186,197.5,12,1626900.25,3062500,9,2.25,0,0,5500,9,3,0,0.188,3.31,2,15.12568349,0.861503118,1088.740404
5.864,900,4.006314015,11.86,183.5,8,1126782.25,3062500,1,1,0,0,5500,5,5,0,0.43,4.51,2,15.11022672,0.51821143,799.7418692
5.872,700,3.337838835,12.586,185,12,2290076.89,4410000,9,2.25,0,0,5500,9,3,0,-1.4,3.31,2,13.27952061,1.537031658,1284.966983
5.895,700,3.485262633,9.889,264,2,96007.0225,1822500,0,0.25,0.25,0.25,6000,1,1,1,0.471626,6.05,1,15.15995168,0.091212431,937.5869075
5.922,1000,3.823847394,11.565,210.5,8,56406.25,90000,0,0,0,0,5300,4,4,0,1.232712,5.43,2,15.78122997,0.008960017,970.6658152
5.927,800,4.06340629,9.671,190,2,109114.6056,1000000,0,0.25,0.25,0.25,4900,1,1,1,0.618049,3.49,1,14.40209579,0.069310867,1029.652407
5.972,700,5.015197585,12.28,208.5,6,846400,1440000,1,1,0,0,5300,4,4,0,1.232712,4.45,2,14.53543995,0.155591098,1035.599953
6.011,600,5.909652336,12.28,208.5,6,846400,1440000,1,1,0,0,5300,4,4,0,1.232712,4.45,2,13.98716646,0.167408947,1101.430405
6.022,1000,3.485262633,9.889,264,2,96007.0225,1822500,0,0.25,0.25,0.25,6000,1,1,1,0.471626,6.05,1,15.87330157,0.087495024,806.9865938
6.04,1000,4.58162144,11.5615,186.5,8,810000,422500,1,1,0,0,3300,5,5,0,0.3,4.59,2,15.1877529,0.179691653,671.6533907
6.052,900,3.749127576,10.434,259,2,127092.25,5062500,0,0.25,0.25,0.25,6000,1,1,1,0.471626,6.05,1,15.62829442,0.246388967,831.9863031
6.053,900,3.701679718,10.0285,244,2,98941.7025,1822500,0,0.25,0.25,0.25,6000,1,1,1,0.48592,5.59,1,15.52202995,0.088368058,846.1521419
6.074,600,0.824862689,9.501,146,2,301329.6342,100984.8072,0,0,0,0,3535.562136,1,0,1,0.618049,3.49,1,14.59353182,0.013355676,697.0982939
6.076,1000,7.627429946,11.26365188,197,13,2662771.24,16810000,12.25,2.25,0,0,9500,10,3,0,-1.4,3.66,2,14.71903623,1,1247.757686
6.076,800,3.485262633,9.889,264,2,96007.0225,1822500,0,0.25,0.25,0.25,6000,1,1,1,0.471626,6.05,1,15.42701447,0.089938687,883.1701101
6.079,500,9.868235893,10.94,196.5,12,34225,2102500,4,4,0,0,3400,8,4,0,0.014,3.2,2,13.84494044,2.129904775,1
6.099,800,5.015197585,12.28,208.5,6,846400,1440000,1,1,0,0,5300,4,4,0,1.232712,4.45,2,14.80250274,0.145331739,986.2271145
6.126,1000,4.006314015,11.86,183.5,8,1126782.25,3062500,1,1,0,0,5500,5,5,0,0.43,4.51,2,15.32094775,0.498271304,772.5464922
6.141,1000,3.145937604,10.5735,239,2,130465.44,5062500,0,0.25,0.25,0.25,6000,1,1,1,0.48592,5.59,1,15.81128561,0.242045142,803.7361889
6.159,800,3.902306055,9.0635,250.5,2,63378.0625,302500,0,0.25,0.25,0.25,6000,1,1,1,0.48592,5.59,1,15.25652567,0.01487772,902.9789194
6.179,900,3.485262633,9.889,264,2,96007.0225,1822500,0,0.25,0.25,0.25,6000,1,1,1,0.471626,6.05,1,15.66258054,0.088700028,840.8459344
6.238,800,4.168221274,9.889,264,2,96007.0225,1822500,0,0.25,0.25,0.25,6000,1,1,1,0.471626,6.05,1,15.33573404,0.089938687,883.1701101
6.241,1000,3.749127576,10.434,259,2,127092.25,5062500,0,0.25,0.25,0.25,6000,1,1,1,0.471626,6.05,1,15.83901545,0.243041733,799.5514544
6.318,800,6.224582901,13.465,198,2,1158959.903,1102500,0,0.25,0.25,0.25,3300,1,1,1,1.302,4.09,1,14.24767366,0.124123536,891.6409201
6.336,900,5.015197585,12.28,208.5,6,846400,1440000,1,1,0,0,5300,4,4,0,1.232712,4.45,2,15.03806881,0.13634165,947.8260176
6.348,1000,3.701679718,10.0285,244,2,98941.7025,1822500,0,0.25,0.25,0.25,6000,1,1,1,0.48592,5.59,1,15.73275098,0.087136251,812.3638342
6.367,800,4.406028855,14.349,245,2,187744.557,5062500,0,0.25,0.25,0.25,6000,1,1,1,0.471626,5.631000059,1,15.18681231,0.249829686,1056.743828
6.37,900,4.168221274,9.889,264,2,96007.0225,1822500,0,0.25,0.25,0.25,6000,1,1,1,0.471626,6.05,1,15.57130011,0.088700028,840.8459344
6.373,900,4.06340629,9.671,190,2,109114.6056,1000000,0,0.25,0.25,0.25,4900,1,1,1,0.618049,3.49,1,14.63766186,0.067885915,985.2908176
6.387,800,5.356180845,14.01,193,2,1261578.24,22500,0,0.25,0.25,0.25,1500,1,1,1,1.302,4.09,1,14.55571482,0.008372405,782.4584893
6.412,600,9.868235893,10.94,196.5,12,34225,2102500,4,4,0,0,3400,8,4,0,0.014,3.2,2,14.20958355,2.119683568,1
6.427,1000,4.168221274,9.889,264,2,96007.0225,1822500,0,0.25,0.25,0.25,6000,1,1,1,0.471626,6.05,1,15.78202114,0.087495024,806.9865938
6.469,800,3.337838835,12.586,185,12,2290076.89,4410000,9,2.25,0,0,5500,9,3,0,-1.4,3.31,2,13.5465834,1.211815892,1223.233758
6.473,900,3.902306055,9.0635,250.5,2,63378.0625,302500,0,0.25,0.25,0.25,6000,1,1,1,0.48592,5.59,1,15.49209174,0.014667401,857.5487607
6.496,700,5.909652336,12.28,208.5,6,846400,1440000,1,1,0,0,5300,4,4,0,1.232712,4.45,2,14.29546782,0.155591098,1035.599953
6.519,700,0.824862689,9.501,146,2,301329.6342,100984.8072,0,0,0,0,3535.562136,1,0,1,0.618049,3.49,1,14.90183318,0.012980544,658.9774149
6.639,1000,5.015197585,12.28,208.5,6,846400,1440000,1,1,0,0,5300,4,4,0,1.232712,4.45,2,15.24878984,0.128399004,917.1051401
6.679,800,5.909652336,12.28,208.5,6,846400,1440000,1,1,0,0,5300,4,4,0,1.232712,4.45,2,14.5625306,0.145331739,986.2271145
6.679,800,0.824862689,9.501,146,2,301329.6342,100984.8072,0,0,0,0,3535.562136,1,0,1,0.618049,3.49,1,15.16889597,0.01262591,630.3867557
6.699,800,9.868235893,10.94,196.5,12,34225,2102500,4,4,0,0,3400,8,4,0,0.014,3.2,2,14.78494769,2.099532661,1
6.716,1000,4.06340629,9.671,190,2,109114.6056,1000000,0,0.25,0.25,0.25,4900,1,1,1,0.618049,3.49,1,14.84838289,0.066518375,949.8015461
6.718,700,9.868235893,10.94,196.5,12,34225,2102500,4,4,0,0,3400,8,4,0,0.014,3.2,2,14.51788491,2.109559994,1
6.724,900,6.224582901,13.465,198,2,1158959.903,1102500,0,0.25,0.25,0.25,3300,1,1,1,1.302,4.09,1,14.48323973,0.118396381,868.4079039
6.728,1000,3.337838835,12.586,185,12,2290076.89,4410000,9,2.25,0,0,5500,9,3,0,-1.4,3.31,2,13.9928705,0.851488335,1136.807242
6.764,900,3.337838835,12.586,185,12,2290076.89,4410000,9,2.25,0,0,5500,9,3,0,-1.4,3.31,2,13.78214947,1.000189,1175.219027
6.782,500,6.131196697,12.28,208.5,6,846400,1440000,1,1,0,0,5300,4,4,0,1.232712,4.45,2,13.55298463,0.181169598,1193.593038
6.785,900,5.356180845,14.01,193,2,1261578.24,22500,0,0.25,0.25,0.25,1500,1,1,1,1.302,4.09,1,14.79128089,0.007805183,772.1964694
6.791,1000,3.902306055,9.0635,250.5,2,63378.0625,302500,0,0.25,0.25,0.25,6000,1,1,1,0.48592,5.59,1,15.70281277,0.014462944,821.2046338
6.852,900,9.868235893,10.94,196.5,12,34225,2102500,4,4,0,0,3400,8,4,0,0.014,3.2,2,15.02051377,2.089600201,1
6.951,900,5.909652336,12.28,208.5,6,846400,1440000,1,1,0,0,5300,4,4,0,1.232712,4.45,2,14.79809667,0.13634165,947.8260176
6.996,900,0.824862689,9.501,146,2,301329.6342,100984.8072,0,0,0,0,3535.562136,1,0,1,0.618049,3.49,1,15.40446204,0.012290137,608.1495763
7.022,1000,9.868235893,10.94,196.5,12,34225,2102500,4,4,0,0,3400,8,4,0,0.014,3.2,2,15.2312348,2.079761277,1
7.048,1000,6.224582901,13.465,198,2,1158959.903,1102500,0,0.25,0.25,0.25,3300,1,1,1,1.302,4.09,1,14.69396076,0.113174427,849.8214909
7.103,1000,5.356180845,14.01,193,2,1261578.24,22500,0,0.25,0.25,0.25,1500,1,1,1,1.302,4.09,1,15.00200193,0.007309942,763.9868536
7.212,600,6.131196697,12.28,208.5,6,846400,1440000,1,1,0,0,5300,4,4,0,1.232712,4.45,2,13.91762775,0.167408947,1101.430405
7.273,1000,0.824862689,9.501,146,2,301329.6342,100984.8072,0,0,0,0,3535.562136,1,0,1,0.618049,3.49,1,15.61518307,0.011971762,590.3598328
7.452,1000,5.909652336,12.28,208.5,6,846400,1440000,1,1,0,0,5300,4,4,0,1.232712,4.45,2,15.0088177,0.128399004,917.1051401
7.582,700,6.131196697,12.28,208.5,6,846400,1440000,1,1,0,0,5300,4,4,0,1.232712,4.45,2,14.22592911,0.155591098,1035.599953
7.619,500,13.689522,12.415,193,8,10000,6250000,0,4,0,0,5500,4,4,0,1.1,2.74,2,14.46772216,1,-4034.90625
7.747,900,4.406028855,14.349,245,2,187744.557,5062500,0,0.25,0.25,0.25,6000,1,1,1,0.471626,5.631000059,1,15.42237838,0.246388967,1016.439016
7.831,600,13.689522,12.415,193,8,10000,6250000,0,4,0,0,5500,4,4,0,1.1,2.74,2,14.83236527,1,-3718.983631
8.041,700,13.689522,12.415,193,8,10000,6250000,0,4,0,0,5500,4,4,0,1.1,2.74,2,15.14066663,1,-3493.324617
8.059,800,6.131196697,12.28,208.5,6,846400,1440000,1,1,0,0,5300,4,4,0,1.232712,4.45,2,14.49299189,0.145331739,986.2271145
8.192,800,13.689522,12.415,193,8,10000,6250000,0,4,0,0,5500,4,4,0,1.1,2.74,2,15.40772942,1,-3324.080357
8.202,900,6.131196697,12.28,208.5,6,846400,1440000,1,1,0,0,5300,4,4,0,1.232712,4.45,2,14.72855796,0.13634165,947.8260176
8.333,1000,4.406028855,14.349,245,2,187744.557,5062500,0,0.25,0.25,0.25,6000,1,1,1,0.471626,5.631000059,1,15.63309941,0.243041733,984.1951653
8.401,1000,6.131196697,12.28,208.5,6,846400,1440000,1,1,0,0,5300,4,4,0,1.232712,4.45,2,14.93927899,0.128399004,917.1051401
8.411,900,13.689522,12.415,193,8,10000,6250000,0,4,0,0,5500,4,4,0,1.1,2.74,2,15.64329549,1,-3192.445933
8.698,1000,13.689522,12.415,193,8,10000,6250000,0,4,0,0,5500,4,4,0,1.1,2.74,2,15.85401652,1,-3087.138393
