,ID,pf_log,T,density,ave:atomic_radius,ave:covalent_radius_pyykko_double,ave:electron_affinity,ave:en_allen,ave:num_unfilled,ave:num_f_valence,ave:num_s_unfilled,ave:num_s_valence,ave:vdw_radius,ave:vdw_radius_mm3,sum:num_unfilled,sum:num_f_valence,var:atomic_radius_rahm,var:boiling_point,var:covalent_radius_pyykko_triple,var:gs_energy,var:hhi_p,var:num_unfilled,var:num_f_valence,var:num_p_unfilled,var:num_s_unfilled,var:num_s_valence,max:hhi_p,max:num_unfilled,max:num_f_valence,max:num_p_unfilled,max:num_s_unfilled,min:covalent_radius_pyykko_double,min:covalent_radius_pyykko_triple,min:electron_affinity,min:gs_bandgap,min:lattice_constant,min:num_s_valence
0,mp-998899,-1.296849899,1000,5.68673269,135.0,95.0,-0.5465,12.3805,6.0,0.0,0.0,2.0,193.5,232.0,12,0,2256.25,3121582.24,1225.0,0.76286375,18062500.0,9.0,0.0,2.25,0.0,0.0,9800.0,9,0,3,0,60.0,54.0,-1.4,0.0,3.65,2
1,mp-938,7.45248221,1000,5.909652336,148.5,119.5,1.601794,12.28,3.0,0.0,0.0,2.0,208.5,244.0,6,0,16.0,846400.0,12.25,0.543712333,1440000.0,1.0,0.0,1.0,0.0,0.0,5300.0,4,0,4,0,111.0,114.0,1.232712,0.383,4.45,2
2,mp-866291,5.546150103,1000,4.917995434,150.7776541,124.0,2.3327941,13.465,1.0,0.0,0.5,1.5,198.0,232.5,2,0,9.0,1158959.903,182.25,0.349498653,1102500.0,0.0,0.0,0.25,0.25,0.25,3300.0,1,0,1,1,109.0,110.0,1.302,0.0,4.09,1
3,mp-830,-4.58489061,1000,5.921365293,116.5,88.5,-0.485,14.26,4.0,0.0,0.0,2.0,171.0,219.5,8,0,729.0,1688180.49,1122.25,6.757883524,4410000.0,1.0,0.0,1.0,0.0,0.0,5500.0,5,0,5,0,60.0,54.0,-1.4,0.0,4.039,2
4,mp-749,3.644443434,1000,8.356280164,136.5,97.0,0.579706636,12.65796096,5.5,3.0,0.0,2.0,195.5,232.0,11,6,2550.25,986644.89,1496.852231,3.059108696,16810000.0,6.25,9.0,2.25,0.0,0.0,9500.0,8,6,3,0,60.0,54.0,-1.4,0.0,4.039,2
5,mp-708,1.622607117,1000,5.96970124,163.0,126.5,0.637,8.427623128,6.0,0.0,0.0,2.0,214.0,257.0,12,0,702.25,2036329.0,272.25,0.019134784,9610000.0,9.0,0.0,2.25,0.0,0.0,9500.0,9,0,3,0,114.0,106.0,0.47,0.0,3.75,2
6,mp-684580,4.72625908,1000,5.320322249,147.3697957,134.0,2.1805184,12.5,1.0,0.0,0.5,1.5,204.5,239.5,2,0,42.25,1027689.063,36.0,0.396894419,3422500.0,0.0,0.0,0.25,0.25,0.25,4900.0,1,0,1,1,129.0,125.0,1.302,0.0,4.09,1
7,mp-632319,2.645260485,1000,3.870625262,173.0,160.2099663,0.6129105,8.754,1.0,0.0,1.0,1.0,226.5,253.0,2,0,2256.25,216839.2356,402.1250493,1.53346652,1518363.496,0.0,0.0,0.0,0.0,0.0,6000.0,1,0,0,1,111.4199326,113.1059062,0.471626,0.0,3.75,1
8,mp-614603,4.724165764,1000,3.554949583,208.8697957,169.0,1.7653314,8.924,1.0,0.0,0.5,1.5,270.5,290.0,2,0,30.25,61033.7025,198.9794882,0.105877337,302500.0,0.0,0.0,0.25,0.25,0.25,6000.0,1,0,1,1,129.0,125.0,0.471626,0.0,6.05,1
9,mp-573697,5.847999076,1000,3.175106447,207.1769087,152.0,2.0421755,10.434,1.0,0.0,0.5,1.5,259.0,275.5,2,0,462.25,127092.25,906.3717742,0.216135401,5062500.0,0.0,0.0,0.25,0.25,0.25,6000.0,1,0,1,1,95.0,93.0,0.471626,0.0,6.05,1
10,mp-571222,6.021914009,1000,3.485262633,212.2776541,159.0,1.9176071,9.889,1.0,0.0,0.5,1.5,264.0,283.0,2,0,225.0,96007.0225,466.8196222,0.132641231,1822500.0,0.0,0.0,0.25,0.25,0.25,6000.0,1,0,1,1,109.0,110.0,0.471626,0.0,6.05,1
11,mp-571102,0.854782815,1000,6.05014633,160.8697957,135.5,1.7180184,13.29519502,3.0,7.0,0.0,2.0,197.0,247.5,6,14,4.0,404814.0625,156.25,0.147177774,640000.0,4.0,49.0,4.0,0.0,0.0,6500.0,5,14,5,0,129.0,125.0,0.377,0.0,3.46,2
12,mp-570276,0.767016123,1000,6.949384388,149.0,123.5,1.372989299,8.6015,4.0,0.0,0.0,2.0,212.0,241.5,8,0,529.0,3010225.0,87.36468342,13.34425791,810000.0,16.0,0.0,0.0,0.0,0.0,3400.0,8,0,0,0,120.0,102.3061846,0.426,0.0,2.66,2
13,mp-569639,0.754431645,1000,5.7166201,159.1769087,118.5,1.9948625,14.80519502,3.0,7.0,0.0,2.0,185.5,233.0,6,14,324.0,556068.49,812.25,0.059595496,6250000.0,4.0,49.0,4.0,0.0,0.0,6500.0,5,14,5,0,95.0,93.0,0.377,0.0,3.46,2
14,mp-568560,0.584422214,1000,6.055751177,164.2776541,125.5,1.8702941,14.26019502,3.0,7.0,0.0,2.0,190.5,240.5,6,14,132.25,488670.9025,400.0,0.118905036,2560000.0,4.0,49.0,4.0,0.0,0.0,6500.0,5,14,5,0,109.0,110.0,0.377,0.0,3.46,2
15,mp-505366,5.220521292,1000,7.209653513,151.7776541,115.0,2.8361091,13.605,1.0,7.0,0.5,1.5,199.5,232.5,8,56,12.25,1888013.403,42.25,0.661511603,1210000.0,0.0,49.0,0.25,0.25,0.25,3300.0,1,14,1,1,109.0,110.0,2.30863,0.0,4.08,1
16,mp-422,1.525323604,1000,2.355668427,119.5,92.0,-0.161447985,12.3165,1.0,0.0,0.0,2.0,166.5,219.0,2,0,6.25,1594128.458,25.0,0.02927145,13322500.0,1.0,0.0,1.0,0.0,0.0,8000.0,2,0,2,0,90.0,85.0,-2.4,0.0,2.29,2
17,mp-343,4.954939702,1000,7.229507537,137.0,99.0,-0.219,11.25801001,7.0,1.5,0.0,2.0,197.5,233.0,14,3,2862.25,3436574.44,1369.0,2.954292777,16810000.0,16.0,2.25,2.25,0.0,0.0,9500.0,11,3,3,0,60.0,54.0,-1.4,0.0,3.67,2
18,mp-2857,-4.195707988,1000,4.245782373,127.0,88.0,-0.606,12.586,6.0,0.0,0.0,2.0,185.0,227.0,12,0,1764.0,2290076.89,900.0,0.927299781,4410000.0,9.0,0.0,2.25,0.0,0.0,5500.0,9,0,3,0,60.0,54.0,-1.4,0.0,3.31,2
19,mp-2667,2.651187199,1000,6.514133851,206.5,165.0,1.390128,7.614,1.0,7.0,1.0,1.0,278.5,293.5,2,14,132.25,1132521.64,228.191506,1.386584143,6002500.0,0.0,49.0,0.0,0.0,0.0,6000.0,1,14,0,1,121.0,123.0,0.471626,0.0,4.08,1
20,mp-2612,8.401037168,1000,6.131196697,148.5,119.5,1.601794,12.28,3.0,0.0,0.0,2.0,208.5,244.0,6,0,16.0,846400.0,12.25,0.543712333,1440000.0,1.0,0.0,1.0,0.0,0.0,5300.0,4,0,4,0,111.0,114.0,1.232712,0.383,4.45,2
21,mp-2599,6.075962257,1000,7.627429946,137.0,98.5,0.258,11.26365188,6.5,2.0,0.0,2.0,197.0,233.0,13,4,2756.25,2662771.24,1724.636603,2.974055233,16810000.0,12.25,4.0,2.25,0.0,0.0,9500.0,10,4,3,0,60.0,54.0,-1.4,0.0,3.66,2
22,mp-256,4.234115302,1000,6.786981166,139.5,99.5,-0.465,10.95262313,6.0,0.0,0.0,2.0,199.0,235.5,12,0,2756.25,3335371.69,1806.25,2.695991634,16810000.0,9.0,0.0,2.25,0.0,0.0,9500.0,9,0,3,0,60.0,54.0,-1.4,0.0,3.75,2
23,mp-2534,5.596482922,1000,5.053200624,140.0,115.5,0.617,11.735,4.0,0.0,0.0,2.0,186.0,241.0,8,0,1.0,810000.0,56.25,0.671280192,1210000.0,1.0,0.0,1.0,0.0,0.0,5500.0,5,0,5,0,114.0,106.0,0.43,0.0,4.13,2
24,mp-252,5.743352129,1000,4.985107254,136.0,109.0,-0.214562,11.0415,1.0,0.0,0.0,2.0,179.5,233.5,2,0,132.25,980100.0,324.0,0.094168027,6502500.0,1.0,0.0,1.0,0.0,0.0,8000.0,2,0,2,0,90.0,85.0,-2.4,0.0,2.29,2
25,mp-2490,6.125942697,1000,4.006314015,134.5,109.5,0.5883035,11.86,4.0,0.0,0.0,2.0,183.5,234.0,8,0,25.0,1126782.25,182.25,1.425938982,3062500.0,1.0,0.0,1.0,0.0,0.0,5500.0,5,0,5,0,102.0,94.0,0.43,0.0,4.51,2
26,mp-24721,5.190729822,1000,2.610597083,163.5,156.7099663,0.6200575,8.8935,1.0,0.0,1.0,1.0,206.5,243.5,2,0,1849.0,221238.5296,196.5639078,1.401803597,1518363.496,0.0,0.0,0.0,0.0,0.0,6000.0,1,0,0,1,111.4199326,113.1059062,0.48592,0.0,3.75,1
27,mp-23703,7.272935717,1000,0.824862689,117.0,117.7099663,0.686122,9.501,1.0,0.0,1.0,1.0,146.0,208.5,2,0,1089.0,301329.6342,1.580733835,0.533925307,100984.8072,0.0,0.0,0.0,0.0,0.0,3535.562136,1,0,0,1,111.4199326,110.5913614,0.618049,0.0,3.49,1
28,mp-23303,6.347863324,1000,3.701679718,202.7776541,155.5,1.9247541,10.0285,1.0,0.0,0.5,1.5,244.0,273.5,2,0,110.25,98941.7025,242.520764,0.096004021,1822500.0,0.0,0.0,0.25,0.25,0.25,6000.0,1,0,1,1,109.0,110.0,0.48592,0.0,5.59,1
29,mp-23302,6.790594545,1000,3.902306055,199.3697957,165.5,1.7724784,9.0635,1.0,0.0,0.5,1.5,250.5,280.5,2,0,1.0,63378.0625,65.17459131,0.073459265,302500.0,0.0,0.0,0.25,0.25,0.25,6000.0,1,0,1,1,129.0,125.0,0.48592,0.0,5.59,1
30,mp-23299,6.140565427,1000,3.145937604,197.6769087,148.5,2.0493225,10.5735,1.0,0.0,0.5,1.5,239.0,266.0,2,0,289.0,130465.44,579.5130931,0.168550781,5062500.0,0.0,0.0,0.25,0.25,0.25,6000.0,1,0,1,1,95.0,93.0,0.48592,0.0,5.59,1
31,mp-23295,5.739210015,1000,2.671979177,197.6769087,148.5,2.0493225,10.5735,1.0,0.0,0.5,1.5,239.0,266.0,2,0,289.0,130465.44,579.5130931,0.168550781,5062500.0,0.0,0.0,0.25,0.25,0.25,6000.0,1,0,1,1,95.0,93.0,0.48592,0.0,5.59,1
32,mp-23231,7.048244698,1000,6.224582901,150.7776541,124.0,2.3327941,13.465,1.0,0.0,0.5,1.5,198.0,232.5,2,0,9.0,1158959.903,182.25,0.349498653,1102500.0,0.0,0.0,0.25,0.25,0.25,3300.0,1,0,1,1,109.0,110.0,1.302,0.0,4.09,1
33,mp-23197,2.693524216,1000,6.979307319,160.8697957,135.5,1.7180184,13.29519502,3.0,7.0,0.0,2.0,197.0,247.5,6,14,4.0,404814.0625,156.25,0.147177774,640000.0,4.0,49.0,4.0,0.0,0.0,6500.0,5,14,5,0,129.0,125.0,0.377,0.0,3.46,2
34,mp-23167,2.209501423,1000,6.709635892,159.1769087,118.5,1.9948625,14.80519502,3.0,7.0,0.0,2.0,185.5,233.0,6,14,324.0,556068.49,812.25,0.059595496,6250000.0,4.0,49.0,4.0,0.0,0.0,6500.0,5,14,5,0,95.0,93.0,0.377,0.0,3.46,2
35,mp-22925,4.869353136,1000,5.324385941,147.3697957,134.0,2.1805184,12.5,1.0,0.0,0.5,1.5,204.5,239.5,2,0,42.25,1027689.063,36.0,0.396894419,3422500.0,0.0,0.0,0.25,0.25,0.25,4900.0,1,0,1,1,129.0,125.0,1.302,0.0,4.09,1
36,mp-22922,7.103118268,1000,5.356180845,145.6769087,117.0,2.4573625,14.01,1.0,0.0,0.5,1.5,193.0,225.0,2,0,90.25,1261578.24,484.0,0.240570535,22500.0,0.0,0.0,0.25,0.25,0.25,1500.0,1,0,1,1,95.0,93.0,1.302,0.0,4.09,1
37,mp-22906,6.42675763,1000,4.168221274,212.2776541,159.0,1.9176071,9.889,1.0,0.0,0.5,1.5,264.0,283.0,2,0,225.0,96007.0225,466.8196222,0.132641231,1822500.0,0.0,0.0,0.25,0.25,0.25,6000.0,1,0,1,1,109.0,110.0,0.471626,0.0,6.05,1
38,mp-22903,5.673760252,1000,3.359968009,199.3697957,165.5,1.7724784,9.0635,1.0,0.0,0.5,1.5,250.5,280.5,2,0,1.0,63378.0625,65.17459131,0.073459265,302500.0,0.0,0.0,0.25,0.25,0.25,6000.0,1,0,1,1,129.0,125.0,0.48592,0.0,5.59,1
39,mp-22899,6.716281771,1000,4.06340629,152.8697957,126.5,1.8385429,9.671,1.0,0.0,0.5,1.5,190.0,245.5,2,0,81.0,109114.6056,51.90221657,0.033212236,1000000.0,0.0,0.0,0.25,0.25,0.25,4900.0,1,0,1,1,124.0,110.5913614,0.618049,0.0,3.49,1
40,mp-22875,2.985448528,1000,7.068918856,164.2776541,125.5,1.8702941,14.26019502,3.0,7.0,0.0,2.0,190.5,240.5,6,14,132.25,488670.9025,400.0,0.118905036,2560000.0,4.0,49.0,4.0,0.0,0.0,6500.0,5,14,5,0,109.0,110.0,0.377,0.0,3.46,2
41,mp-22867,4.983096861,1000,3.164377303,202.7776541,155.5,1.9247541,10.0285,1.0,0.0,0.5,1.5,244.0,273.5,2,0,110.25,98941.7025,242.520764,0.096004021,1822500.0,0.0,0.0,0.25,0.25,0.25,6000.0,1,0,1,1,109.0,110.0,0.48592,0.0,5.59,1
42,mp-22865,6.240985957,1000,3.749127576,207.1769087,152.0,2.0421755,10.434,1.0,0.0,0.5,1.5,259.0,275.5,2,0,462.25,127092.25,906.3717742,0.216135401,5062500.0,0.0,0.0,0.25,0.25,0.25,6000.0,1,0,1,1,95.0,93.0,0.471626,0.0,6.05,1
43,mp-2175,1.651287765,1000,8.090510191,152.5118071,100.5,1.88909485,18.72019502,3.0,7.0,0.0,2.0,171.5,215.0,6,14,1560.25,676498.025,2352.25,0.082546051,6250000.0,4.0,49.0,4.0,0.0,0.0,6500.0,5,14,5,0,59.0,53.0,0.377,0.0,3.46,2
44,mp-2114,-2.859577339,1000,5.742757452,135.0,95.0,-0.5465,12.3805,6.0,0.0,0.0,2.0,193.5,232.0,12,0,2256.25,3121582.24,1225.0,0.76286375,18062500.0,9.0,0.0,2.25,0.0,0.0,9800.0,9,0,3,0,60.0,54.0,-1.4,0.0,3.65,2
45,mp-20411,5.746351115,1000,6.628100894,129.0,98.0,-0.55,13.9615,4.0,0.0,0.0,2.0,174.0,228.5,8,0,1122.25,1294588.84,2116.0,7.685756103,1000000.0,1.0,0.0,1.0,0.0,0.0,3300.0,5,0,5,0,60.0,54.0,-1.4,0.0,4.039,2
46,mp-20351,6.04035339,1000,4.58162144,147.0,119.0,0.5233035,11.5615,4.0,0.0,0.0,2.0,186.5,243.0,8,0,132.25,810000.0,676.0,1.868288604,422500.0,1.0,0.0,1.0,0.0,0.0,3300.0,5,0,5,0,102.0,94.0,0.3,0.0,4.59,2
47,mp-20305,5.733246493,1000,5.335683812,152.5,125.0,0.552,11.4365,4.0,0.0,0.0,2.0,189.0,250.0,8,0,56.25,545382.25,400.0,0.98415046,0.0,1.0,0.0,1.0,0.0,0.0,3300.0,5,0,5,0,114.0,106.0,0.3,0.0,4.13,2
48,mp-18536,-0.741155037,1000,4.553779458,136.5177106,79.0,2.876392275,21.3625,1.0,0.0,0.25,1.75,163.0,189.0,24,0,720.75,1079991.0,1323.0,0.213599791,16875.0,0.0,0.0,0.1875,0.1875,0.1875,1500.0,1,0,1,1,59.0,53.0,1.302,0.0,4.09,1
49,mp-1784,8.332613242,1000,4.406028855,200.5118071,134.0,1.93640785,14.349,1.0,0.0,0.5,1.5,245.0,257.5,2,0,1849.0,187744.557,2510.612132,0.177845438,5062500.0,0.0,0.0,0.25,0.25,0.25,6000.0,1,0,1,1,59.0,53.0,0.471626,0.0,5.631000059,1
50,mp-13099,3.681975781,1000,4.60189752,135.0,95.0,-0.5465,12.3805,6.0,0.0,0.0,2.0,193.5,232.0,12,0,2256.25,3121582.24,1225.0,0.76286375,18062500.0,9.0,0.0,2.25,0.0,0.0,9800.0,9,0,3,0,60.0,54.0,-1.4,0.0,3.65,2
51,mp-1219182,5.92220181,1000,3.823847394,134.5,109.0,1.31111655,11.565,4.0,0.0,0.0,2.0,210.5,236.5,8,0,1.0,56406.25,36.0,0.163571091,90000.0,0.0,0.0,0.0,0.0,0.0,5300.0,4,0,4,0,107.0,102.0,1.232712,0.383,5.43,2
52,mp-1172873,6.638556523,1000,5.015197585,148.5,119.5,1.601794,12.28,3.0,0.0,0.0,2.0,208.5,244.0,6,0,16.0,846400.0,12.25,0.543712333,1440000.0,1.0,0.0,1.0,0.0,0.0,5300.0,4,0,4,0,111.0,114.0,1.232712,0.383,4.45,2
53,mp-1156,4.495900708,1000,5.287673764,150.0,125.0,0.738,11.065,4.0,0.0,0.0,2.0,196.5,249.0,8,0,42.25,147456.0,9.0,0.305315391,1440000.0,1.0,0.0,1.0,0.0,0.0,7900.0,5,0,5,0,117.0,121.0,0.43,0.0,4.51,2
54,mp-1138,-1.531359141,1000,2.530430196,144.5118071,91.5,2.00961935,15.096,1.0,0.0,0.5,1.5,164.5,213.0,2,0,812.25,266844.5649,829.191227,0.007381039,490000.0,0.0,0.0,0.25,0.25,0.25,2900.0,1,0,1,1,59.0,53.0,0.618049,0.0,3.49,1
55,mp-10759,5.073524157,1000,5.536591818,138.5,109.0,1.626691,13.07,3.0,0.0,0.0,2.0,200.5,236.5,6,0,25.0,1150149.003,12.25,0.327898036,2402500.0,1.0,0.0,1.0,0.0,0.0,5300.0,4,0,4,0,107.0,107.0,1.232712,0.383,4.36,2
56,mp-1057286,4.548510095,1000,3.321935199,173.0,160.2099663,0.6129105,8.754,1.0,0.0,1.0,1.0,226.5,253.0,2,0,2256.25,216839.2356,402.1250493,1.53346652,1518363.496,0.0,0.0,0.0,0.0,0.0,6000.0,1,0,0,1,111.4199326,113.1059062,0.471626,0.0,3.75,1
57,mp-1056920,5.206205582,1000,4.249038612,208.8697957,169.0,1.7653314,8.924,1.0,0.0,0.5,1.5,270.5,290.0,2,0,30.25,61033.7025,198.9794882,0.105877337,302500.0,0.0,0.0,0.25,0.25,0.25,6000.0,1,0,1,1,129.0,125.0,0.471626,0.0,6.05,1
58,mp-1009894,-0.583105417,1000,5.150549586,125.5,97.0,0.8440595,11.429,6.0,0.0,0.0,2.0,196.5,229.0,12,0,1521.0,50625.0,930.25,0.110142708,2102500.0,4.0,0.0,4.0,0.0,0.0,3400.0,8,0,4,0,67.0,60.0,0.426,0.0,3.23,2
59,mp-1009792,-0.551672895,1000,7.889818782,112.5,90.5,1.1560595,12.075,4.0,0.0,0.5,1.5,191.5,219.0,8,0,552.25,214832.25,462.25,5.69e-05,1822500.0,0.0,0.0,4.0,0.25,0.25,3200.0,4,0,4,1,67.0,60.0,1.05,0.0,2.7,1
60,mp-1009750,6.727610895,1000,3.337838835,127.0,88.0,-0.606,12.586,6.0,0.0,0.0,2.0,185.0,227.0,12,0,1764.0,2290076.89,900.0,0.927299781,4410000.0,9.0,0.0,2.25,0.0,0.0,5500.0,9,0,3,0,60.0,54.0,-1.4,0.0,3.31,2
61,mp-1009746,5.85925426,1000,2.413084958,145.0,109.0,0.4673035,10.186,6.0,0.0,0.0,2.0,197.5,241.5,12,0,400.0,1626900.25,100.0,0.195808041,3062500.0,9.0,0.0,2.25,0.0,0.0,5500.0,9,0,3,0,102.0,94.0,0.188,0.0,3.31,2
62,mp-1009639,3.156019719,1000,5.969066765,137.0,99.0,-0.219,11.25801001,7.0,1.5,0.0,2.0,197.5,233.0,14,3,2862.25,3436574.44,1369.0,2.954292777,16810000.0,16.0,2.25,2.25,0.0,0.0,9500.0,11,3,3,0,60.0,54.0,-1.4,0.0,3.67,2
63,mp-1009540,8.698265132,1000,13.689522,113.0,91.5,1.1810595,12.415,4.0,7.0,0.0,2.0,193.0,219.5,8,14,729.0,10000.0,600.25,1.011020532,6250000.0,0.0,49.0,4.0,0.0,0.0,5500.0,4,14,4,0,67.0,60.0,1.1,0.0,2.74,2
64,mp-1007778,4.41067804,1000,9.899554077,131.5,101.0,-0.5115,15.38519502,4.0,7.0,0.0,2.0,175.5,226.0,8,14,992.25,682771.69,2304.0,8.817228512,6760000.0,1.0,49.0,1.0,0.0,0.0,6500.0,5,14,5,0,60.0,54.0,-1.4,0.0,3.46,2
65,mp-1007776,2.114509618,1000,6.819963595,149.5,122.0,0.5618035,12.98519502,4.0,7.0,0.0,2.0,188.0,240.5,8,14,90.25,346332.25,784.0,2.445832493,5062500.0,1.0,49.0,1.0,0.0,0.0,6500.0,5,14,5,0,102.0,94.0,0.377,0.0,3.46,2
66,mp-1002124,7.022009078,1000,9.868235893,129.0,97.5,0.6380595,10.94,6.0,7.0,0.0,2.0,196.5,228.5,12,14,1369.0,34225.0,961.0,0.138601959,2102500.0,4.0,49.0,4.0,0.0,0.0,3400.0,8,14,4,0,67.0,60.0,0.014,0.0,3.2,2
67,mp-998899,1.024137415,900,5.68673269,135.0,95.0,-0.5465,12.3805,6.0,0.0,0.0,2.0,193.5,232.0,12,0,2256.25,3121582.24,1225.0,0.76286375,18062500.0,9.0,0.0,2.25,0.0,0.0,9800.0,9,0,3,0,60.0,54.0,-1.4,0.0,3.65,2
68,mp-938,6.950855417,900,5.909652336,148.5,119.5,1.601794,12.28,3.0,0.0,0.0,2.0,208.5,244.0,6,0,16.0,846400.0,12.25,0.543712333,1440000.0,1.0,0.0,1.0,0.0,0.0,5300.0,4,0,4,0,111.0,114.0,1.232712,0.383,4.45,2
69,mp-866291,5.2107989,900,4.917995434,150.7776541,124.0,2.3327941,13.465,1.0,0.0,0.5,1.5,198.0,232.5,2,0,9.0,1158959.903,182.25,0.349498653,1102500.0,0.0,0.0,0.25,0.25,0.25,3300.0,1,0,1,1,109.0,110.0,1.302,0.0,4.09,1
70,mp-830,-5.545286252,900,5.921365293,116.5,88.5,-0.485,14.26,4.0,0.0,0.0,2.0,171.0,219.5,8,0,729.0,1688180.49,1122.25,6.757883524,4410000.0,1.0,0.0,1.0,0.0,0.0,5500.0,5,0,5,0,60.0,54.0,-1.4,0.0,4.039,2
71,mp-749,1.031112306,900,8.356280164,136.5,97.0,0.579706636,12.65796096,5.5,3.0,0.0,2.0,195.5,232.0,11,6,2550.25,986644.89,1496.852231,3.059108696,16810000.0,6.25,9.0,2.25,0.0,0.0,9500.0,8,6,3,0,60.0,54.0,-1.4,0.0,4.039,2
72,mp-708,0.571619302,900,5.96970124,163.0,126.5,0.637,8.427623128,6.0,0.0,0.0,2.0,214.0,257.0,12,0,702.25,2036329.0,272.25,0.019134784,9610000.0,9.0,0.0,2.25,0.0,0.0,9500.0,9,0,3,0,114.0,106.0,0.47,0.0,3.75,2
73,mp-684580,4.281593855,900,5.320322249,147.3697957,134.0,2.1805184,12.5,1.0,0.0,0.5,1.5,204.5,239.5,2,0,42.25,1027689.063,36.0,0.396894419,3422500.0,0.0,0.0,0.25,0.25,0.25,4900.0,1,0,1,1,129.0,125.0,1.302,0.0,4.09,1
74,mp-632319,2.113768984,900,3.870625262,173.0,160.2099663,0.6129105,8.754,1.0,0.0,1.0,1.0,226.5,253.0,2,0,2256.25,216839.2356,402.1250493,1.53346652,1518363.496,0.0,0.0,0.0,0.0,0.0,6000.0,1,0,0,1,111.4199326,113.1059062,0.471626,0.0,3.75,1
75,mp-614603,4.626937862,900,3.554949583,208.8697957,169.0,1.7653314,8.924,1.0,0.0,0.5,1.5,270.5,290.0,2,0,30.25,61033.7025,198.9794882,0.105877337,302500.0,0.0,0.0,0.25,0.25,0.25,6000.0,1,0,1,1,129.0,125.0,0.471626,0.0,6.05,1
76,mp-573697,5.566753266,900,3.175106447,207.1769087,152.0,2.0421755,10.434,1.0,0.0,0.5,1.5,259.0,275.5,2,0,462.25,127092.25,906.3717742,0.216135401,5062500.0,0.0,0.0,0.25,0.25,0.25,6000.0,1,0,1,1,95.0,93.0,0.471626,0.0,6.05,1
77,mp-571222,6.179166191,900,3.485262633,212.2776541,159.0,1.9176071,9.889,1.0,0.0,0.5,1.5,264.0,283.0,2,0,225.0,96007.0225,466.8196222,0.132641231,1822500.0,0.0,0.0,0.25,0.25,0.25,6000.0,1,0,1,1,109.0,110.0,0.471626,0.0,6.05,1
78,mp-571102,-0.37433376,900,6.05014633,160.8697957,135.5,1.7180184,13.29519502,3.0,7.0,0.0,2.0,197.0,247.5,6,14,4.0,404814.0625,156.25,0.147177774,640000.0,4.0,49.0,4.0,0.0,0.0,6500.0,5,14,5,0,129.0,125.0,0.377,0.0,3.46,2
79,mp-570276,0.38746593,900,6.949384388,149.0,123.5,1.372989299,8.6015,4.0,0.0,0.0,2.0,212.0,241.5,8,0,529.0,3010225.0,87.36468342,13.34425791,810000.0,16.0,0.0,0.0,0.0,0.0,3400.0,8,0,0,0,120.0,102.3061846,0.426,0.0,2.66,2
80,mp-569639,-0.364827852,900,5.7166201,159.1769087,118.5,1.9948625,14.80519502,3.0,7.0,0.0,2.0,185.5,233.0,6,14,324.0,556068.49,812.25,0.059595496,6250000.0,4.0,49.0,4.0,0.0,0.0,6500.0,5,14,5,0,95.0,93.0,0.377,0.0,3.46,2
81,mp-568560,-0.442063613,900,6.055751177,164.2776541,125.5,1.8702941,14.26019502,3.0,7.0,0.0,2.0,190.5,240.5,6,14,132.25,488670.9025,400.0,0.118905036,2560000.0,4.0,49.0,4.0,0.0,0.0,6500.0,5,14,5,0,109.0,110.0,0.377,0.0,3.46,2
82,mp-505366,4.950858796,900,7.209653513,151.7776541,115.0,2.8361091,13.605,1.0,7.0,0.5,1.5,199.5,232.5,8,56,12.25,1888013.403,42.25,0.661511603,1210000.0,0.0,49.0,0.25,0.25,0.25,3300.0,1,14,1,1,109.0,110.0,2.30863,0.0,4.08,1
83,mp-422,1.01309884,900,2.355668427,119.5,92.0,-0.161447985,12.3165,1.0,0.0,0.0,2.0,166.5,219.0,2,0,6.25,1594128.458,25.0,0.02927145,13322500.0,1.0,0.0,1.0,0.0,0.0,8000.0,2,0,2,0,90.0,85.0,-2.4,0.0,2.29,2
84,mp-343,4.037349013,900,7.229507537,137.0,99.0,-0.219,11.25801001,7.0,1.5,0.0,2.0,197.5,233.0,14,3,2862.25,3436574.44,1369.0,2.954292777,16810000.0,16.0,2.25,2.25,0.0,0.0,9500.0,11,3,3,0,60.0,54.0,-1.4,0.0,3.67,2
85,mp-2857,-0.455188877,900,4.245782373,127.0,88.0,-0.606,12.586,6.0,0.0,0.0,2.0,185.0,227.0,12,0,1764.0,2290076.89,900.0,0.927299781,4410000.0,9.0,0.0,2.25,0.0,0.0,5500.0,9,0,3,0,60.0,54.0,-1.4,0.0,3.31,2
86,mp-2667,2.462800085,900,6.514133851,206.5,165.0,1.390128,7.614,1.0,7.0,1.0,1.0,278.5,293.5,2,14,132.25,1132521.64,228.191506,1.386584143,6002500.0,0.0,49.0,0.0,0.0,0.0,6000.0,1,14,0,1,121.0,123.0,0.471626,0.0,4.08,1
87,mp-2612,8.201636879,900,6.131196697,148.5,119.5,1.601794,12.28,3.0,0.0,0.0,2.0,208.5,244.0,6,0,16.0,846400.0,12.25,0.543712333,1440000.0,1.0,0.0,1.0,0.0,0.0,5300.0,4,0,4,0,111.0,114.0,1.232712,0.383,4.45,2
88,mp-2599,5.623570452,900,7.627429946,137.0,98.5,0.258,11.26365188,6.5,2.0,0.0,2.0,197.0,233.0,13,4,2756.25,2662771.24,1724.636603,2.974055233,16810000.0,12.25,4.0,2.25,0.0,0.0,9500.0,10,4,3,0,60.0,54.0,-1.4,0.0,3.66,2
89,mp-256,3.548184036,900,6.786981166,139.5,99.5,-0.465,10.95262313,6.0,0.0,0.0,2.0,199.0,235.5,12,0,2756.25,3335371.69,1806.25,2.695991634,16810000.0,9.0,0.0,2.25,0.0,0.0,9500.0,9,0,3,0,60.0,54.0,-1.4,0.0,3.75,2
90,mp-2534,5.589284292,900,5.053200624,140.0,115.5,0.617,11.735,4.0,0.0,0.0,2.0,186.0,241.0,8,0,1.0,810000.0,56.25,0.671280192,1210000.0,1.0,0.0,1.0,0.0,0.0,5500.0,5,0,5,0,114.0,106.0,0.43,0.0,4.13,2
91,mp-252,5.412893497,900,4.985107254,136.0,109.0,-0.214562,11.0415,1.0,0.0,0.0,2.0,179.5,233.5,2,0,132.25,980100.0,324.0,0.094168027,6502500.0,1.0,0.0,1.0,0.0,0.0,8000.0,2,0,2,0,90.0,85.0,-2.4,0.0,2.29,2
92,mp-2490,5.863605925,900,4.006314015,134.5,109.5,0.5883035,11.86,4.0,0.0,0.0,2.0,183.5,234.0,8,0,25.0,1126782.25,182.25,1.425938982,3062500.0,1.0,0.0,1.0,0.0,0.0,5500.0,5,0,5,0,102.0,94.0,0.43,0.0,4.51,2
93,mp-24721,4.549360127,900,2.610597083,163.5,156.7099663,0.6200575,8.8935,1.0,0.0,1.0,1.0,206.5,243.5,2,0,1849.0,221238.5296,196.5639078,1.401803597,1518363.496,0.0,0.0,0.0,0.0,0.0,6000.0,1,0,0,1,111.4199326,113.1059062,0.48592,0.0,3.75,1
94,mp-23703,6.995832862,900,0.824862689,117.0,117.7099663,0.686122,9.501,1.0,0.0,1.0,1.0,146.0,208.5,2,0,1089.0,301329.6342,1.580733835,0.533925307,100984.8072,0.0,0.0,0.0,0.0,0.0,3535.562136,1,0,0,1,111.4199326,110.5913614,0.618049,0.0,3.49,1
95,mp-23303,6.052898409,900,3.701679718,202.7776541,155.5,1.9247541,10.0285,1.0,0.0,0.5,1.5,244.0,273.5,2,0,110.25,98941.7025,242.520764,0.096004021,1822500.0,0.0,0.0,0.25,0.25,0.25,6000.0,1,0,1,1,109.0,110.0,0.48592,0.0,5.59,1
96,mp-23302,6.472888676,900,3.902306055,199.3697957,165.5,1.7724784,9.0635,1.0,0.0,0.5,1.5,250.5,280.5,2,0,1.0,63378.0625,65.17459131,0.073459265,302500.0,0.0,0.0,0.25,0.25,0.25,6000.0,1,0,1,1,129.0,125.0,0.48592,0.0,5.59,1
97,mp-23299,5.838198469,900,3.145937604,197.6769087,148.5,2.0493225,10.5735,1.0,0.0,0.5,1.5,239.0,266.0,2,0,289.0,130465.44,579.5130931,0.168550781,5062500.0,0.0,0.0,0.25,0.25,0.25,6000.0,1,0,1,1,95.0,93.0,0.48592,0.0,5.59,1
98,mp-23295,5.672169265,900,2.671979177,197.6769087,148.5,2.0493225,10.5735,1.0,0.0,0.5,1.5,239.0,266.0,2,0,289.0,130465.44,579.5130931,0.168550781,5062500.0,0.0,0.0,0.25,0.25,0.25,6000.0,1,0,1,1,95.0,93.0,0.48592,0.0,5.59,1
99,mp-23231,6.723914689,900,6.224582901,150.7776541,124.0,2.3327941,13.465,1.0,0.0,0.5,1.5,198.0,232.5,2,0,9.0,1158959.903,182.25,0.349498653,1102500.0,0.0,0.0,0.25,0.25,0.25,3300.0,1,0,1,1,109.0,110.0,1.302,0.0,4.09,1
100,mp-23197,1.837166531,900,6.979307319,160.8697957,135.5,1.7180184,13.29519502,3.0,7.0,0.0,2.0,197.0,247.5,6,14,4.0,404814.0625,156.25,0.147177774,640000.0,4.0,49.0,4.0,0.0,0.0,6500.0,5,14,5,0,129.0,125.0,0.377,0.0,3.46,2
101,mp-23167,1.13081228,900,6.709635892,159.1769087,118.5,1.9948625,14.80519502,3.0,7.0,0.0,2.0,185.5,233.0,6,14,324.0,556068.49,812.25,0.059595496,6250000.0,4.0,49.0,4.0,0.0,0.0,6500.0,5,14,5,0,95.0,93.0,0.377,0.0,3.46,2
102,mp-22925,4.446457743,900,5.324385941,147.3697957,134.0,2.1805184,12.5,1.0,0.0,0.5,1.5,204.5,239.5,2,0,42.25,1027689.063,36.0,0.396894419,3422500.0,0.0,0.0,0.25,0.25,0.25,4900.0,1,0,1,1,129.0,125.0,1.302,0.0,4.09,1
103,mp-22922,6.785209314,900,5.356180845,145.6769087,117.0,2.4573625,14.01,1.0,0.0,0.5,1.5,193.0,225.0,2,0,90.25,1261578.24,484.0,0.240570535,22500.0,0.0,0.0,0.25,0.25,0.25,1500.0,1,0,1,1,95.0,93.0,1.302,0.0,4.09,1
104,mp-22906,6.370132941,900,4.168221274,212.2776541,159.0,1.9176071,9.889,1.0,0.0,0.5,1.5,264.0,283.0,2,0,225.0,96007.0225,466.8196222,0.132641231,1822500.0,0.0,0.0,0.25,0.25,0.25,6000.0,1,0,1,1,109.0,110.0,0.471626,0.0,6.05,1
105,mp-22903,5.581032508,900,3.359968009,199.3697957,165.5,1.7724784,9.0635,1.0,0.0,0.5,1.5,250.5,280.5,2,0,1.0,63378.0625,65.17459131,0.073459265,302500.0,0.0,0.0,0.25,0.25,0.25,6000.0,1,0,1,1,129.0,125.0,0.48592,0.0,5.59,1
106,mp-22899,6.372754945,900,4.06340629,152.8697957,126.5,1.8385429,9.671,1.0,0.0,0.5,1.5,190.0,245.5,2,0,81.0,109114.6056,51.90221657,0.033212236,1000000.0,0.0,0.0,0.25,0.25,0.25,4900.0,1,0,1,1,124.0,110.5913614,0.618049,0.0,3.49,1
107,mp-22875,1.844683206,900,7.068918856,164.2776541,125.5,1.8702941,14.26019502,3.0,7.0,0.0,2.0,190.5,240.5,6,14,132.25,488670.9025,400.0,0.118905036,2560000.0,4.0,49.0,4.0,0.0,0.0,6500.0,5,14,5,0,109.0,110.0,0.377,0.0,3.46,2
108,mp-22867,4.7513501,900,3.164377303,202.7776541,155.5,1.9247541,10.0285,1.0,0.0,0.5,1.5,244.0,273.5,2,0,110.25,98941.7025,242.520764,0.096004021,1822500.0,0.0,0.0,0.25,0.25,0.25,6000.0,1,0,1,1,109.0,110.0,0.48592,0.0,5.59,1
109,mp-22865,6.051946526,900,3.749127576,207.1769087,152.0,2.0421755,10.434,1.0,0.0,0.5,1.5,259.0,275.5,2,0,462.25,127092.25,906.3717742,0.216135401,5062500.0,0.0,0.0,0.25,0.25,0.25,6000.0,1,0,1,1,95.0,93.0,0.471626,0.0,6.05,1
110,mp-2175,0.492512863,900,8.090510191,152.5118071,100.5,1.88909485,18.72019502,3.0,7.0,0.0,2.0,171.5,215.0,6,14,1560.25,676498.025,2352.25,0.082546051,6250000.0,4.0,49.0,4.0,0.0,0.0,6500.0,5,14,5,0,59.0,53.0,0.377,0.0,3.46,2
111,mp-2114,0.511067053,900,5.742757452,135.0,95.0,-0.5465,12.3805,6.0,0.0,0.0,2.0,193.5,232.0,12,0,2256.25,3121582.24,1225.0,0.76286375,18062500.0,9.0,0.0,2.25,0.0,0.0,9800.0,9,0,3,0,60.0,54.0,-1.4,0.0,3.65,2
112,mp-20411,5.437953593,900,6.628100894,129.0,98.0,-0.55,13.9615,4.0,0.0,0.0,2.0,174.0,228.5,8,0,1122.25,1294588.84,2116.0,7.685756103,1000000.0,1.0,0.0,1.0,0.0,0.0,3300.0,5,0,5,0,60.0,54.0,-1.4,0.0,4.039,2
113,mp-20351,5.774275559,900,4.58162144,147.0,119.0,0.5233035,11.5615,4.0,0.0,0.0,2.0,186.5,243.0,8,0,132.25,810000.0,676.0,1.868288604,422500.0,1.0,0.0,1.0,0.0,0.0,3300.0,5,0,5,0,102.0,94.0,0.3,0.0,4.59,2
114,mp-20305,5.486427125,900,5.335683812,152.5,125.0,0.552,11.4365,4.0,0.0,0.0,2.0,189.0,250.0,8,0,56.25,545382.25,400.0,0.98415046,0.0,1.0,0.0,1.0,0.0,0.0,3300.0,5,0,5,0,114.0,106.0,0.3,0.0,4.13,2
115,mp-18536,-0.188480524,900,4.553779458,136.5177106,79.0,2.876392275,21.3625,1.0,0.0,0.25,1.75,163.0,189.0,24,0,720.75,1079991.0,1323.0,0.213599791,16875.0,0.0,0.0,0.1875,0.1875,0.1875,1500.0,1,0,1,1,59.0,53.0,1.302,0.0,4.09,1
116,mp-1784,7.746808101,900,4.406028855,200.5118071,134.0,1.93640785,14.349,1.0,0.0,0.5,1.5,245.0,257.5,2,0,1849.0,187744.557,2510.612132,0.177845438,5062500.0,0.0,0.0,0.25,0.25,0.25,6000.0,1,0,1,1,59.0,53.0,0.471626,0.0,5.631000059,1
117,mp-13099,2.890805027,900,4.60189752,135.0,95.0,-0.5465,12.3805,6.0,0.0,0.0,2.0,193.5,232.0,12,0,2256.25,3121582.24,1225.0,0.76286375,18062500.0,9.0,0.0,2.25,0.0,0.0,9800.0,9,0,3,0,60.0,54.0,-1.4,0.0,3.65,2
118,mp-1219182,5.757553335,900,3.823847394,134.5,109.0,1.31111655,11.565,4.0,0.0,0.0,2.0,210.5,236.5,8,0,1.0,56406.25,36.0,0.163571091,90000.0,0.0,0.0,0.0,0.0,0.0,5300.0,4,0,4,0,107.0,102.0,1.232712,0.383,5.43,2
119,mp-1172873,6.336073254,900,5.015197585,148.5,119.5,1.601794,12.28,3.0,0.0,0.0,2.0,208.5,244.0,6,0,16.0,846400.0,12.25,0.543712333,1440000.0,1.0,0.0,1.0,0.0,0.0,5300.0,4,0,4,0,111.0,114.0,1.232712,0.383,4.45,2
120,mp-1156,4.303734692,900,5.287673764,150.0,125.0,0.738,11.065,4.0,0.0,0.0,2.0,196.5,249.0,8,0,42.25,147456.0,9.0,0.305315391,1440000.0,1.0,0.0,1.0,0.0,0.0,7900.0,5,0,5,0,117.0,121.0,0.43,0.0,4.51,2
121,mp-1138,0.359834982,900,2.530430196,144.5118071,91.5,2.00961935,15.096,1.0,0.0,0.5,1.5,164.5,213.0,2,0,812.25,266844.5649,829.191227,0.007381039,490000.0,0.0,0.0,0.25,0.25,0.25,2900.0,1,0,1,1,59.0,53.0,0.618049,0.0,3.49,1
122,mp-10759,3.550843831,900,5.536591818,138.5,109.0,1.626691,13.07,3.0,0.0,0.0,2.0,200.5,236.5,6,0,25.0,1150149.003,12.25,0.327898036,2402500.0,1.0,0.0,1.0,0.0,0.0,5300.0,4,0,4,0,107.0,107.0,1.232712,0.383,4.36,2
123,mp-1057286,4.129128569,900,3.321935199,173.0,160.2099663,0.6129105,8.754,1.0,0.0,1.0,1.0,226.5,253.0,2,0,2256.25,216839.2356,402.1250493,1.53346652,1518363.496,0.0,0.0,0.0,0.0,0.0,6000.0,1,0,0,1,111.4199326,113.1059062,0.471626,0.0,3.75,1
124,mp-1056920,4.347861278,900,4.249038612,208.8697957,169.0,1.7653314,8.924,1.0,0.0,0.5,1.5,270.5,290.0,2,0,30.25,61033.7025,198.9794882,0.105877337,302500.0,0.0,0.0,0.25,0.25,0.25,6000.0,1,0,1,1,129.0,125.0,0.471626,0.0,6.05,1
125,mp-1009894,0.155072802,900,5.150549586,125.5,97.0,0.8440595,11.429,6.0,0.0,0.0,2.0,196.5,229.0,12,0,1521.0,50625.0,930.25,0.110142708,2102500.0,4.0,0.0,4.0,0.0,0.0,3400.0,8,0,4,0,67.0,60.0,0.426,0.0,3.23,2
126,mp-1009792,0.206309588,900,7.889818782,112.5,90.5,1.1560595,12.075,4.0,0.0,0.5,1.5,191.5,219.0,8,0,552.25,214832.25,462.25,5.69e-05,1822500.0,0.0,0.0,4.0,0.25,0.25,3200.0,4,0,4,1,67.0,60.0,1.05,0.0,2.7,1
127,mp-1009750,6.764497484,900,3.337838835,127.0,88.0,-0.606,12.586,6.0,0.0,0.0,2.0,185.0,227.0,12,0,1764.0,2290076.89,900.0,0.927299781,4410000.0,9.0,0.0,2.25,0.0,0.0,5500.0,9,0,3,0,60.0,54.0,-1.4,0.0,3.31,2
128,mp-1009746,5.824416041,900,2.413084958,145.0,109.0,0.4673035,10.186,6.0,0.0,0.0,2.0,197.5,241.5,12,0,400.0,1626900.25,100.0,0.195808041,3062500.0,9.0,0.0,2.25,0.0,0.0,5500.0,9,0,3,0,102.0,94.0,0.188,0.0,3.31,2
129,mp-1009639,2.682805144,900,5.969066765,137.0,99.0,-0.219,11.25801001,7.0,1.5,0.0,2.0,197.5,233.0,14,3,2862.25,3436574.44,1369.0,2.954292777,16810000.0,16.0,2.25,2.25,0.0,0.0,9500.0,11,3,3,0,60.0,54.0,-1.4,0.0,3.67,2
130,mp-1009540,8.410577757,900,13.689522,113.0,91.5,1.1810595,12.415,4.0,7.0,0.0,2.0,193.0,219.5,8,14,729.0,10000.0,600.25,1.011020532,6250000.0,0.0,49.0,4.0,0.0,0.0,5500.0,4,14,4,0,67.0,60.0,1.1,0.0,2.74,2
131,mp-1007778,3.981183368,900,9.899554077,131.5,101.0,-0.5115,15.38519502,4.0,7.0,0.0,2.0,175.5,226.0,8,14,992.25,682771.69,2304.0,8.817228512,6760000.0,1.0,49.0,1.0,0.0,0.0,6500.0,5,14,5,0,60.0,54.0,-1.4,0.0,3.46,2
132,mp-1007776,-0.20799311,900,6.819963595,149.5,122.0,0.5618035,12.98519502,4.0,7.0,0.0,2.0,188.0,240.5,8,14,90.25,346332.25,784.0,2.445832493,5062500.0,1.0,49.0,1.0,0.0,0.0,6500.0,5,14,5,0,102.0,94.0,0.377,0.0,3.46,2
133,mp-1002124,6.851519151,900,9.868235893,129.0,97.5,0.6380595,10.94,6.0,7.0,0.0,2.0,196.5,228.5,12,14,1369.0,34225.0,961.0,0.138601959,2102500.0,4.0,49.0,4.0,0.0,0.0,3400.0,8,14,4,0,67.0,60.0,0.014,0.0,3.2,2
134,mp-998899,0.840462951,800,5.68673269,135.0,95.0,-0.5465,12.3805,6.0,0.0,0.0,2.0,193.5,232.0,12,0,2256.25,3121582.24,1225.0,0.76286375,18062500.0,9.0,0.0,2.25,0.0,0.0,9800.0,9,0,3,0,60.0,54.0,-1.4,0.0,3.65,2
135,mp-938,6.678815075,800,5.909652336,148.5,119.5,1.601794,12.28,3.0,0.0,0.0,2.0,208.5,244.0,6,0,16.0,846400.0,12.25,0.543712333,1440000.0,1.0,0.0,1.0,0.0,0.0,5300.0,4,0,4,0,111.0,114.0,1.232712,0.383,4.45,2
136,mp-866291,4.813031834,800,4.917995434,150.7776541,124.0,2.3327941,13.465,1.0,0.0,0.5,1.5,198.0,232.5,2,0,9.0,1158959.903,182.25,0.349498653,1102500.0,0.0,0.0,0.25,0.25,0.25,3300.0,1,0,1,1,109.0,110.0,1.302,0.0,4.09,1
137,mp-830,-7.885318993,800,5.921365293,116.5,88.5,-0.485,14.26,4.0,0.0,0.0,2.0,171.0,219.5,8,0,729.0,1688180.49,1122.25,6.757883524,4410000.0,1.0,0.0,1.0,0.0,0.0,5500.0,5,0,5,0,60.0,54.0,-1.4,0.0,4.039,2
138,mp-749,1.531419875,800,8.356280164,136.5,97.0,0.579706636,12.65796096,5.5,3.0,0.0,2.0,195.5,232.0,11,6,2550.25,986644.89,1496.852231,3.059108696,16810000.0,6.25,9.0,2.25,0.0,0.0,9500.0,8,6,3,0,60.0,54.0,-1.4,0.0,4.039,2
139,mp-708,-0.885724812,800,5.96970124,163.0,126.5,0.637,8.427623128,6.0,0.0,0.0,2.0,214.0,257.0,12,0,702.25,2036329.0,272.25,0.019134784,9610000.0,9.0,0.0,2.25,0.0,0.0,9500.0,9,0,3,0,114.0,106.0,0.47,0.0,3.75,2
140,mp-684580,3.744273682,800,5.320322249,147.3697957,134.0,2.1805184,12.5,1.0,0.0,0.5,1.5,204.5,239.5,2,0,42.25,1027689.063,36.0,0.396894419,3422500.0,0.0,0.0,0.25,0.25,0.25,4900.0,1,0,1,1,129.0,125.0,1.302,0.0,4.09,1
141,mp-632319,1.493999945,800,3.870625262,173.0,160.2099663,0.6129105,8.754,1.0,0.0,1.0,1.0,226.5,253.0,2,0,2256.25,216839.2356,402.1250493,1.53346652,1518363.496,0.0,0.0,0.0,0.0,0.0,6000.0,1,0,0,1,111.4199326,113.1059062,0.471626,0.0,3.75,1
142,mp-614603,4.304453269,800,3.554949583,208.8697957,169.0,1.7653314,8.924,1.0,0.0,0.5,1.5,270.5,290.0,2,0,30.25,61033.7025,198.9794882,0.105877337,302500.0,0.0,0.0,0.25,0.25,0.25,6000.0,1,0,1,1,129.0,125.0,0.471626,0.0,6.05,1
143,mp-573697,5.170591572,800,3.175106447,207.1769087,152.0,2.0421755,10.434,1.0,0.0,0.5,1.5,259.0,275.5,2,0,462.25,127092.25,906.3717742,0.216135401,5062500.0,0.0,0.0,0.25,0.25,0.25,6000.0,1,0,1,1,95.0,93.0,0.471626,0.0,6.05,1
144,mp-571222,6.076076185,800,3.485262633,212.2776541,159.0,1.9176071,9.889,1.0,0.0,0.5,1.5,264.0,283.0,2,0,225.0,96007.0225,466.8196222,0.132641231,1822500.0,0.0,0.0,0.25,0.25,0.25,6000.0,1,0,1,1,109.0,110.0,0.471626,0.0,6.05,1
145,mp-571102,-1.64878753,800,6.05014633,160.8697957,135.5,1.7180184,13.29519502,3.0,7.0,0.0,2.0,197.0,247.5,6,14,4.0,404814.0625,156.25,0.147177774,640000.0,4.0,49.0,4.0,0.0,0.0,6500.0,5,14,5,0,129.0,125.0,0.377,0.0,3.46,2
146,mp-570276,-0.602408934,800,6.949384388,149.0,123.5,1.372989299,8.6015,4.0,0.0,0.0,2.0,212.0,241.5,8,0,529.0,3010225.0,87.36468342,13.34425791,810000.0,16.0,0.0,0.0,0.0,0.0,3400.0,8,0,0,0,120.0,102.3061846,0.426,0.0,2.66,2
147,mp-569639,-1.330478607,800,5.7166201,159.1769087,118.5,1.9948625,14.80519502,3.0,7.0,0.0,2.0,185.5,233.0,6,14,324.0,556068.49,812.25,0.059595496,6250000.0,4.0,49.0,4.0,0.0,0.0,6500.0,5,14,5,0,95.0,93.0,0.377,0.0,3.46,2
148,mp-568560,-2.209777525,800,6.055751177,164.2776541,125.5,1.8702941,14.26019502,3.0,7.0,0.0,2.0,190.5,240.5,6,14,132.25,488670.9025,400.0,0.118905036,2560000.0,4.0,49.0,4.0,0.0,0.0,6500.0,5,14,5,0,109.0,110.0,0.377,0.0,3.46,2
149,mp-505366,4.619039313,800,7.209653513,151.7776541,115.0,2.8361091,13.605,1.0,7.0,0.5,1.5,199.5,232.5,8,56,12.25,1888013.403,42.25,0.661511603,1210000.0,0.0,49.0,0.25,0.25,0.25,3300.0,1,14,1,1,109.0,110.0,2.30863,0.0,4.08,1
150,mp-422,-0.441522636,800,2.355668427,119.5,92.0,-0.161447985,12.3165,1.0,0.0,0.0,2.0,166.5,219.0,2,0,6.25,1594128.458,25.0,0.02927145,13322500.0,1.0,0.0,1.0,0.0,0.0,8000.0,2,0,2,0,90.0,85.0,-2.4,0.0,2.29,2
151,mp-343,3.464444063,800,7.229507537,137.0,99.0,-0.219,11.25801001,7.0,1.5,0.0,2.0,197.5,233.0,14,3,2862.25,3436574.44,1369.0,2.954292777,16810000.0,16.0,2.25,2.25,0.0,0.0,9500.0,11,3,3,0,60.0,54.0,-1.4,0.0,3.67,2
152,mp-2857,-2.17237648,800,4.245782373,127.0,88.0,-0.606,12.586,6.0,0.0,0.0,2.0,185.0,227.0,12,0,1764.0,2290076.89,900.0,0.927299781,4410000.0,9.0,0.0,2.25,0.0,0.0,5500.0,9,0,3,0,60.0,54.0,-1.4,0.0,3.31,2
153,mp-2667,2.015340312,800,6.514133851,206.5,165.0,1.390128,7.614,1.0,7.0,1.0,1.0,278.5,293.5,2,14,132.25,1132521.64,228.191506,1.386584143,6002500.0,0.0,49.0,0.0,0.0,0.0,6000.0,1,14,0,1,121.0,123.0,0.471626,0.0,4.08,1
154,mp-2612,8.058755367,800,6.131196697,148.5,119.5,1.601794,12.28,3.0,0.0,0.0,2.0,208.5,244.0,6,0,16.0,846400.0,12.25,0.543712333,1440000.0,1.0,0.0,1.0,0.0,0.0,5300.0,4,0,4,0,111.0,114.0,1.232712,0.383,4.45,2
155,mp-2599,4.402049893,800,7.627429946,137.0,98.5,0.258,11.26365188,6.5,2.0,0.0,2.0,197.0,233.0,13,4,2756.25,2662771.24,1724.636603,2.974055233,16810000.0,12.25,4.0,2.25,0.0,0.0,9500.0,10,4,3,0,60.0,54.0,-1.4,0.0,3.66,2
156,mp-256,2.680428438,800,6.786981166,139.5,99.5,-0.465,10.95262313,6.0,0.0,0.0,2.0,199.0,235.5,12,0,2756.25,3335371.69,1806.25,2.695991634,16810000.0,9.0,0.0,2.25,0.0,0.0,9500.0,9,0,3,0,60.0,54.0,-1.4,0.0,3.75,2
157,mp-2534,5.221689569,800,5.053200624,140.0,115.5,0.617,11.735,4.0,0.0,0.0,2.0,186.0,241.0,8,0,1.0,810000.0,56.25,0.671280192,1210000.0,1.0,0.0,1.0,0.0,0.0,5500.0,5,0,5,0,114.0,106.0,0.43,0.0,4.13,2
158,mp-252,5.125748537,800,4.985107254,136.0,109.0,-0.214562,11.0415,1.0,0.0,0.0,2.0,179.5,233.5,2,0,132.25,980100.0,324.0,0.094168027,6502500.0,1.0,0.0,1.0,0.0,0.0,8000.0,2,0,2,0,90.0,85.0,-2.4,0.0,2.29,2
159,mp-2490,5.697858641,800,4.006314015,134.5,109.5,0.5883035,11.86,4.0,0.0,0.0,2.0,183.5,234.0,8,0,25.0,1126782.25,182.25,1.425938982,3062500.0,1.0,0.0,1.0,0.0,0.0,5500.0,5,0,5,0,102.0,94.0,0.43,0.0,4.51,2
160,mp-24721,4.306266913,800,2.610597083,163.5,156.7099663,0.6200575,8.8935,1.0,0.0,1.0,1.0,206.5,243.5,2,0,1849.0,221238.5296,196.5639078,1.401803597,1518363.496,0.0,0.0,0.0,0.0,0.0,6000.0,1,0,0,1,111.4199326,113.1059062,0.48592,0.0,3.75,1
161,mp-23703,6.679370757,800,0.824862689,117.0,117.7099663,0.686122,9.501,1.0,0.0,1.0,1.0,146.0,208.5,2,0,1089.0,301329.6342,1.580733835,0.533925307,100984.8072,0.0,0.0,0.0,0.0,0.0,3535.562136,1,0,0,1,111.4199326,110.5913614,0.618049,0.0,3.49,1
162,mp-23303,5.671581962,800,3.701679718,202.7776541,155.5,1.9247541,10.0285,1.0,0.0,0.5,1.5,244.0,273.5,2,0,110.25,98941.7025,242.520764,0.096004021,1822500.0,0.0,0.0,0.25,0.25,0.25,6000.0,1,0,1,1,109.0,110.0,0.48592,0.0,5.59,1
163,mp-23302,6.158714635,800,3.902306055,199.3697957,165.5,1.7724784,9.0635,1.0,0.0,0.5,1.5,250.5,280.5,2,0,1.0,63378.0625,65.17459131,0.073459265,302500.0,0.0,0.0,0.25,0.25,0.25,6000.0,1,0,1,1,129.0,125.0,0.48592,0.0,5.59,1
164,mp-23299,5.085084039,800,3.145937604,197.6769087,148.5,2.0493225,10.5735,1.0,0.0,0.5,1.5,239.0,266.0,2,0,289.0,130465.44,579.5130931,0.168550781,5062500.0,0.0,0.0,0.25,0.25,0.25,6000.0,1,0,1,1,95.0,93.0,0.48592,0.0,5.59,1
165,mp-23295,5.558319236,800,2.671979177,197.6769087,148.5,2.0493225,10.5735,1.0,0.0,0.5,1.5,239.0,266.0,2,0,289.0,130465.44,579.5130931,0.168550781,5062500.0,0.0,0.0,0.25,0.25,0.25,6000.0,1,0,1,1,95.0,93.0,0.48592,0.0,5.59,1
166,mp-23231,6.317759076,800,6.224582901,150.7776541,124.0,2.3327941,13.465,1.0,0.0,0.5,1.5,198.0,232.5,2,0,9.0,1158959.903,182.25,0.349498653,1102500.0,0.0,0.0,0.25,0.25,0.25,3300.0,1,0,1,1,109.0,110.0,1.302,0.0,4.09,1
167,mp-23197,0.469382872,800,6.979307319,160.8697957,135.5,1.7180184,13.29519502,3.0,7.0,0.0,2.0,197.0,247.5,6,14,4.0,404814.0625,156.25,0.147177774,640000.0,4.0,49.0,4.0,0.0,0.0,6500.0,5,14,5,0,129.0,125.0,0.377,0.0,3.46,2
168,mp-23167,0.247723578,800,6.709635892,159.1769087,118.5,1.9948625,14.80519502,3.0,7.0,0.0,2.0,185.5,233.0,6,14,324.0,556068.49,812.25,0.059595496,6250000.0,4.0,49.0,4.0,0.0,0.0,6500.0,5,14,5,0,95.0,93.0,0.377,0.0,3.46,2
169,mp-22925,3.937345734,800,5.324385941,147.3697957,134.0,2.1805184,12.5,1.0,0.0,0.5,1.5,204.5,239.5,2,0,42.25,1027689.063,36.0,0.396894419,3422500.0,0.0,0.0,0.25,0.25,0.25,4900.0,1,0,1,1,129.0,125.0,1.302,0.0,4.09,1
170,mp-22922,6.38662486,800,5.356180845,145.6769087,117.0,2.4573625,14.01,1.0,0.0,0.5,1.5,193.0,225.0,2,0,90.25,1261578.24,484.0,0.240570535,22500.0,0.0,0.0,0.25,0.25,0.25,1500.0,1,0,1,1,95.0,93.0,1.302,0.0,4.09,1
171,mp-22906,6.23764007,800,4.168221274,212.2776541,159.0,1.9176071,9.889,1.0,0.0,0.5,1.5,264.0,283.0,2,0,225.0,96007.0225,466.8196222,0.132641231,1822500.0,0.0,0.0,0.25,0.25,0.25,6000.0,1,0,1,1,109.0,110.0,0.471626,0.0,6.05,1
172,mp-22903,5.499043127,800,3.359968009,199.3697957,165.5,1.7724784,9.0635,1.0,0.0,0.5,1.5,250.5,280.5,2,0,1.0,63378.0625,65.17459131,0.073459265,302500.0,0.0,0.0,0.25,0.25,0.25,6000.0,1,0,1,1,129.0,125.0,0.48592,0.0,5.59,1
173,mp-22899,5.92704385,800,4.06340629,152.8697957,126.5,1.8385429,9.671,1.0,0.0,0.5,1.5,190.0,245.5,2,0,81.0,109114.6056,51.90221657,0.033212236,1000000.0,0.0,0.0,0.25,0.25,0.25,4900.0,1,0,1,1,124.0,110.5913614,0.618049,0.0,3.49,1
174,mp-22875,0.821519798,800,7.068918856,164.2776541,125.5,1.8702941,14.26019502,3.0,7.0,0.0,2.0,190.5,240.5,6,14,132.25,488670.9025,400.0,0.118905036,2560000.0,4.0,49.0,4.0,0.0,0.0,6500.0,5,14,5,0,109.0,110.0,0.377,0.0,3.46,2
175,mp-22867,4.43344856,800,3.164377303,202.7776541,155.5,1.9247541,10.0285,1.0,0.0,0.5,1.5,244.0,273.5,2,0,110.25,98941.7025,242.520764,0.096004021,1822500.0,0.0,0.0,0.25,0.25,0.25,6000.0,1,0,1,1,109.0,110.0,0.48592,0.0,5.59,1
176,mp-22865,5.752791686,800,3.749127576,207.1769087,152.0,2.0421755,10.434,1.0,0.0,0.5,1.5,259.0,275.5,2,0,462.25,127092.25,906.3717742,0.216135401,5062500.0,0.0,0.0,0.25,0.25,0.25,6000.0,1,0,1,1,95.0,93.0,0.471626,0.0,6.05,1
177,mp-2175,-0.473798539,800,8.090510191,152.5118071,100.5,1.88909485,18.72019502,3.0,7.0,0.0,2.0,171.5,215.0,6,14,1560.25,676498.025,2352.25,0.082546051,6250000.0,4.0,49.0,4.0,0.0,0.0,6500.0,5,14,5,0,59.0,53.0,0.377,0.0,3.46,2
178,mp-2114,-3.860633864,800,5.742757452,135.0,95.0,-0.5465,12.3805,6.0,0.0,0.0,2.0,193.5,232.0,12,0,2256.25,3121582.24,1225.0,0.76286375,18062500.0,9.0,0.0,2.25,0.0,0.0,9800.0,9,0,3,0,60.0,54.0,-1.4,0.0,3.65,2
179,mp-20411,5.140433904,800,6.628100894,129.0,98.0,-0.55,13.9615,4.0,0.0,0.0,2.0,174.0,228.5,8,0,1122.25,1294588.84,2116.0,7.685756103,1000000.0,1.0,0.0,1.0,0.0,0.0,3300.0,5,0,5,0,60.0,54.0,-1.4,0.0,4.039,2
180,mp-20351,5.530612502,800,4.58162144,147.0,119.0,0.5233035,11.5615,4.0,0.0,0.0,2.0,186.5,243.0,8,0,132.25,810000.0,676.0,1.868288604,422500.0,1.0,0.0,1.0,0.0,0.0,3300.0,5,0,5,0,102.0,94.0,0.3,0.0,4.59,2
181,mp-20305,4.976468322,800,5.335683812,152.5,125.0,0.552,11.4365,4.0,0.0,0.0,2.0,189.0,250.0,8,0,56.25,545382.25,400.0,0.98415046,0.0,1.0,0.0,1.0,0.0,0.0,3300.0,5,0,5,0,114.0,106.0,0.3,0.0,4.13,2
182,mp-18536,0.383462976,800,4.553779458,136.5177106,79.0,2.876392275,21.3625,1.0,0.0,0.25,1.75,163.0,189.0,24,0,720.75,1079991.0,1323.0,0.213599791,16875.0,0.0,0.0,0.1875,0.1875,0.1875,1500.0,1,0,1,1,59.0,53.0,1.302,0.0,4.09,1
183,mp-1784,6.367418215,800,4.406028855,200.5118071,134.0,1.93640785,14.349,1.0,0.0,0.5,1.5,245.0,257.5,2,0,1849.0,187744.557,2510.612132,0.177845438,5062500.0,0.0,0.0,0.25,0.25,0.25,6000.0,1,0,1,1,59.0,53.0,0.471626,0.0,5.631000059,1
184,mp-13099,1.845297454,800,4.60189752,135.0,95.0,-0.5465,12.3805,6.0,0.0,0.0,2.0,193.5,232.0,12,0,2256.25,3121582.24,1225.0,0.76286375,18062500.0,9.0,0.0,2.25,0.0,0.0,9800.0,9,0,3,0,60.0,54.0,-1.4,0.0,3.65,2
185,mp-1219182,5.515724907,800,3.823847394,134.5,109.0,1.31111655,11.565,4.0,0.0,0.0,2.0,210.5,236.5,8,0,1.0,56406.25,36.0,0.163571091,90000.0,0.0,0.0,0.0,0.0,0.0,5300.0,4,0,4,0,107.0,102.0,1.232712,0.383,5.43,2
186,mp-1172873,6.098988776,800,5.015197585,148.5,119.5,1.601794,12.28,3.0,0.0,0.0,2.0,208.5,244.0,6,0,16.0,846400.0,12.25,0.543712333,1440000.0,1.0,0.0,1.0,0.0,0.0,5300.0,4,0,4,0,111.0,114.0,1.232712,0.383,4.45,2
187,mp-1156,3.482081561,800,5.287673764,150.0,125.0,0.738,11.065,4.0,0.0,0.0,2.0,196.5,249.0,8,0,42.25,147456.0,9.0,0.305315391,1440000.0,1.0,0.0,1.0,0.0,0.0,7900.0,5,0,5,0,117.0,121.0,0.43,0.0,4.51,2
188,mp-1138,2.022804633,800,2.530430196,144.5118071,91.5,2.00961935,15.096,1.0,0.0,0.5,1.5,164.5,213.0,2,0,812.25,266844.5649,829.191227,0.007381039,490000.0,0.0,0.0,0.25,0.25,0.25,2900.0,1,0,1,1,59.0,53.0,0.618049,0.0,3.49,1
189,mp-10759,4.425002885,800,5.536591818,138.5,109.0,1.626691,13.07,3.0,0.0,0.0,2.0,200.5,236.5,6,0,25.0,1150149.003,12.25,0.327898036,2402500.0,1.0,0.0,1.0,0.0,0.0,5300.0,4,0,4,0,107.0,107.0,1.232712,0.383,4.36,2
190,mp-1057286,3.571202579,800,3.321935199,173.0,160.2099663,0.6129105,8.754,1.0,0.0,1.0,1.0,226.5,253.0,2,0,2256.25,216839.2356,402.1250493,1.53346652,1518363.496,0.0,0.0,0.0,0.0,0.0,6000.0,1,0,0,1,111.4199326,113.1059062,0.471626,0.0,3.75,1
191,mp-1056920,3.892556428,800,4.249038612,208.8697957,169.0,1.7653314,8.924,1.0,0.0,0.5,1.5,270.5,290.0,2,0,30.25,61033.7025,198.9794882,0.105877337,302500.0,0.0,0.0,0.25,0.25,0.25,6000.0,1,0,1,1,129.0,125.0,0.471626,0.0,6.05,1
192,mp-1009894,1.938239426,800,5.150549586,125.5,97.0,0.8440595,11.429,6.0,0.0,0.0,2.0,196.5,229.0,12,0,1521.0,50625.0,930.25,0.110142708,2102500.0,4.0,0.0,4.0,0.0,0.0,3400.0,8,0,4,0,67.0,60.0,0.426,0.0,3.23,2
193,mp-1009792,-8.718722648,800,7.889818782,112.5,90.5,1.1560595,12.075,4.0,0.0,0.5,1.5,191.5,219.0,8,0,552.25,214832.25,462.25,5.69e-05,1822500.0,0.0,0.0,4.0,0.25,0.25,3200.0,4,0,4,1,67.0,60.0,1.05,0.0,2.7,1
194,mp-1009750,6.469487971,800,3.337838835,127.0,88.0,-0.606,12.586,6.0,0.0,0.0,2.0,185.0,227.0,12,0,1764.0,2290076.89,900.0,0.927299781,4410000.0,9.0,0.0,2.25,0.0,0.0,5500.0,9,0,3,0,60.0,54.0,-1.4,0.0,3.31,2
195,mp-1009746,5.526454935,800,2.413084958,145.0,109.0,0.4673035,10.186,6.0,0.0,0.0,2.0,197.5,241.5,12,0,400.0,1626900.25,100.0,0.195808041,3062500.0,9.0,0.0,2.25,0.0,0.0,5500.0,9,0,3,0,102.0,94.0,0.188,0.0,3.31,2
196,mp-1009639,1.457746794,800,5.969066765,137.0,99.0,-0.219,11.25801001,7.0,1.5,0.0,2.0,197.5,233.0,14,3,2862.25,3436574.44,1369.0,2.954292777,16810000.0,16.0,2.25,2.25,0.0,0.0,9500.0,11,3,3,0,60.0,54.0,-1.4,0.0,3.67,2
197,mp-1009540,8.19246327,800,13.689522,113.0,91.5,1.1810595,12.415,4.0,7.0,0.0,2.0,193.0,219.5,8,14,729.0,10000.0,600.25,1.011020532,6250000.0,0.0,49.0,4.0,0.0,0.0,5500.0,4,14,4,0,67.0,60.0,1.1,0.0,2.74,2
198,mp-1007778,3.639306366,800,9.899554077,131.5,101.0,-0.5115,15.38519502,4.0,7.0,0.0,2.0,175.5,226.0,8,14,992.25,682771.69,2304.0,8.817228512,6760000.0,1.0,49.0,1.0,0.0,0.0,6500.0,5,14,5,0,60.0,54.0,-1.4,0.0,3.46,2
199,mp-1007776,1.282186322,800,6.819963595,149.5,122.0,0.5618035,12.98519502,4.0,7.0,0.0,2.0,188.0,240.5,8,14,90.25,346332.25,784.0,2.445832493,5062500.0,1.0,49.0,1.0,0.0,0.0,6500.0,5,14,5,0,102.0,94.0,0.377,0.0,3.46,2
200,mp-1002124,6.69882319,800,9.868235893,129.0,97.5,0.6380595,10.94,6.0,7.0,0.0,2.0,196.5,228.5,12,14,1369.0,34225.0,961.0,0.138601959,2102500.0,4.0,49.0,4.0,0.0,0.0,3400.0,8,14,4,0,67.0,60.0,0.014,0.0,3.2,2
201,mp-998899,0.477308977,700,5.68673269,135.0,95.0,-0.5465,12.3805,6.0,0.0,0.0,2.0,193.5,232.0,12,0,2256.25,3121582.24,1225.0,0.76286375,18062500.0,9.0,0.0,2.25,0.0,0.0,9800.0,9,0,3,0,60.0,54.0,-1.4,0.0,3.65,2
202,mp-938,6.49585807,700,5.909652336,148.5,119.5,1.601794,12.28,3.0,0.0,0.0,2.0,208.5,244.0,6,0,16.0,846400.0,12.25,0.543712333,1440000.0,1.0,0.0,1.0,0.0,0.0,5300.0,4,0,4,0,111.0,114.0,1.232712,0.383,4.45,2
203,mp-866291,4.088131907,700,4.917995434,150.7776541,124.0,2.3327941,13.465,1.0,0.0,0.5,1.5,198.0,232.5,2,0,9.0,1158959.903,182.25,0.349498653,1102500.0,0.0,0.0,0.25,0.25,0.25,3300.0,1,0,1,1,109.0,110.0,1.302,0.0,4.09,1
204,mp-830,-10.15850191,700,5.921365293,116.5,88.5,-0.485,14.26,4.0,0.0,0.0,2.0,171.0,219.5,8,0,729.0,1688180.49,1122.25,6.757883524,4410000.0,1.0,0.0,1.0,0.0,0.0,5500.0,5,0,5,0,60.0,54.0,-1.4,0.0,4.039,2
205,mp-749,-14.97737226,700,8.356280164,136.5,97.0,0.579706636,12.65796096,5.5,3.0,0.0,2.0,195.5,232.0,11,6,2550.25,986644.89,1496.852231,3.059108696,16810000.0,6.25,9.0,2.25,0.0,0.0,9500.0,8,6,3,0,60.0,54.0,-1.4,0.0,4.039,2
206,mp-708,-3.172976021,700,5.96970124,163.0,126.5,0.637,8.427623128,6.0,0.0,0.0,2.0,214.0,257.0,12,0,702.25,2036329.0,272.25,0.019134784,9610000.0,9.0,0.0,2.25,0.0,0.0,9500.0,9,0,3,0,114.0,106.0,0.47,0.0,3.75,2
207,mp-684580,3.088094204,700,5.320322249,147.3697957,134.0,2.1805184,12.5,1.0,0.0,0.5,1.5,204.5,239.5,2,0,42.25,1027689.063,36.0,0.396894419,3422500.0,0.0,0.0,0.25,0.25,0.25,4900.0,1,0,1,1,129.0,125.0,1.302,0.0,4.09,1
208,mp-632319,0.745651055,700,3.870625262,173.0,160.2099663,0.6129105,8.754,1.0,0.0,1.0,1.0,226.5,253.0,2,0,2256.25,216839.2356,402.1250493,1.53346652,1518363.496,0.0,0.0,0.0,0.0,0.0,6000.0,1,0,0,1,111.4199326,113.1059062,0.471626,0.0,3.75,1
209,mp-614603,3.739483027,700,3.554949583,208.8697957,169.0,1.7653314,8.924,1.0,0.0,0.5,1.5,270.5,290.0,2,0,30.25,61033.7025,198.9794882,0.105877337,302500.0,0.0,0.0,0.25,0.25,0.25,6000.0,1,0,1,1,129.0,125.0,0.471626,0.0,6.05,1
210,mp-573697,4.607923321,700,3.175106447,207.1769087,152.0,2.0421755,10.434,1.0,0.0,0.5,1.5,259.0,275.5,2,0,462.25,127092.25,906.3717742,0.216135401,5062500.0,0.0,0.0,0.25,0.25,0.25,6000.0,1,0,1,1,95.0,93.0,0.471626,0.0,6.05,1
211,mp-571222,5.894631427,700,3.485262633,212.2776541,159.0,1.9176071,9.889,1.0,0.0,0.5,1.5,264.0,283.0,2,0,225.0,96007.0225,466.8196222,0.132641231,1822500.0,0.0,0.0,0.25,0.25,0.25,6000.0,1,0,1,1,109.0,110.0,0.471626,0.0,6.05,1
212,mp-571102,-3.03306595,700,6.05014633,160.8697957,135.5,1.7180184,13.29519502,3.0,7.0,0.0,2.0,197.0,247.5,6,14,4.0,404814.0625,156.25,0.147177774,640000.0,4.0,49.0,4.0,0.0,0.0,6500.0,5,14,5,0,129.0,125.0,0.377,0.0,3.46,2
213,mp-570276,-1.598477522,700,6.949384388,149.0,123.5,1.372989299,8.6015,4.0,0.0,0.0,2.0,212.0,241.5,8,0,529.0,3010225.0,87.36468342,13.34425791,810000.0,16.0,0.0,0.0,0.0,0.0,3400.0,8,0,0,0,120.0,102.3061846,0.426,0.0,2.66,2
214,mp-569639,-3.199158051,700,5.7166201,159.1769087,118.5,1.9948625,14.80519502,3.0,7.0,0.0,2.0,185.5,233.0,6,14,324.0,556068.49,812.25,0.059595496,6250000.0,4.0,49.0,4.0,0.0,0.0,6500.0,5,14,5,0,95.0,93.0,0.377,0.0,3.46,2
215,mp-568560,-3.428918248,700,6.055751177,164.2776541,125.5,1.8702941,14.26019502,3.0,7.0,0.0,2.0,190.5,240.5,6,14,132.25,488670.9025,400.0,0.118905036,2560000.0,4.0,49.0,4.0,0.0,0.0,6500.0,5,14,5,0,109.0,110.0,0.377,0.0,3.46,2
216,mp-505366,4.204907964,700,7.209653513,151.7776541,115.0,2.8361091,13.605,1.0,7.0,0.5,1.5,199.5,232.5,8,56,12.25,1888013.403,42.25,0.661511603,1210000.0,0.0,49.0,0.25,0.25,0.25,3300.0,1,14,1,1,109.0,110.0,2.30863,0.0,4.08,1
217,mp-422,-2.019531537,700,2.355668427,119.5,92.0,-0.161447985,12.3165,1.0,0.0,0.0,2.0,166.5,219.0,2,0,6.25,1594128.458,25.0,0.02927145,13322500.0,1.0,0.0,1.0,0.0,0.0,8000.0,2,0,2,0,90.0,85.0,-2.4,0.0,2.29,2
218,mp-343,2.501379247,700,7.229507537,137.0,99.0,-0.219,11.25801001,7.0,1.5,0.0,2.0,197.5,233.0,14,3,2862.25,3436574.44,1369.0,2.954292777,16810000.0,16.0,2.25,2.25,0.0,0.0,9500.0,11,3,3,0,60.0,54.0,-1.4,0.0,3.67,2
219,mp-2857,-0.572108558,700,4.245782373,127.0,88.0,-0.606,12.586,6.0,0.0,0.0,2.0,185.0,227.0,12,0,1764.0,2290076.89,900.0,0.927299781,4410000.0,9.0,0.0,2.25,0.0,0.0,5500.0,9,0,3,0,60.0,54.0,-1.4,0.0,3.31,2
220,mp-2667,1.882370896,700,6.514133851,206.5,165.0,1.390128,7.614,1.0,7.0,1.0,1.0,278.5,293.5,2,14,132.25,1132521.64,228.191506,1.386584143,6002500.0,0.0,49.0,0.0,0.0,0.0,6000.0,1,14,0,1,121.0,123.0,0.471626,0.0,4.08,1
221,mp-2612,7.582299134,700,6.131196697,148.5,119.5,1.601794,12.28,3.0,0.0,0.0,2.0,208.5,244.0,6,0,16.0,846400.0,12.25,0.543712333,1440000.0,1.0,0.0,1.0,0.0,0.0,5300.0,4,0,4,0,111.0,114.0,1.232712,0.383,4.45,2
222,mp-2599,4.374567564,700,7.627429946,137.0,98.5,0.258,11.26365188,6.5,2.0,0.0,2.0,197.0,233.0,13,4,2756.25,2662771.24,1724.636603,2.974055233,16810000.0,12.25,4.0,2.25,0.0,0.0,9500.0,10,4,3,0,60.0,54.0,-1.4,0.0,3.66,2
223,mp-256,1.50601826,700,6.786981166,139.5,99.5,-0.465,10.95262313,6.0,0.0,0.0,2.0,199.0,235.5,12,0,2756.25,3335371.69,1806.25,2.695991634,16810000.0,9.0,0.0,2.25,0.0,0.0,9500.0,9,0,3,0,60.0,54.0,-1.4,0.0,3.75,2
224,mp-2534,4.814421585,700,5.053200624,140.0,115.5,0.617,11.735,4.0,0.0,0.0,2.0,186.0,241.0,8,0,1.0,810000.0,56.25,0.671280192,1210000.0,1.0,0.0,1.0,0.0,0.0,5500.0,5,0,5,0,114.0,106.0,0.43,0.0,4.13,2
225,mp-252,4.810142119,700,4.985107254,136.0,109.0,-0.214562,11.0415,1.0,0.0,0.0,2.0,179.5,233.5,2,0,132.25,980100.0,324.0,0.094168027,6502500.0,1.0,0.0,1.0,0.0,0.0,8000.0,2,0,2,0,90.0,85.0,-2.4,0.0,2.29,2
226,mp-2490,5.402772866,700,4.006314015,134.5,109.5,0.5883035,11.86,4.0,0.0,0.0,2.0,183.5,234.0,8,0,25.0,1126782.25,182.25,1.425938982,3062500.0,1.0,0.0,1.0,0.0,0.0,5500.0,5,0,5,0,102.0,94.0,0.43,0.0,4.51,2
227,mp-24721,3.423512634,700,2.610597083,163.5,156.7099663,0.6200575,8.8935,1.0,0.0,1.0,1.0,206.5,243.5,2,0,1849.0,221238.5296,196.5639078,1.401803597,1518363.496,0.0,0.0,0.0,0.0,0.0,6000.0,1,0,0,1,111.4199326,113.1059062,0.48592,0.0,3.75,1
228,mp-23703,6.518607161,700,0.824862689,117.0,117.7099663,0.686122,9.501,1.0,0.0,1.0,1.0,146.0,208.5,2,0,1089.0,301329.6342,1.580733835,0.533925307,100984.8072,0.0,0.0,0.0,0.0,0.0,3535.562136,1,0,0,1,111.4199326,110.5913614,0.618049,0.0,3.49,1
229,mp-23303,5.236307621,700,3.701679718,202.7776541,155.5,1.9247541,10.0285,1.0,0.0,0.5,1.5,244.0,273.5,2,0,110.25,98941.7025,242.520764,0.096004021,1822500.0,0.0,0.0,0.25,0.25,0.25,6000.0,1,0,1,1,109.0,110.0,0.48592,0.0,5.59,1
230,mp-23302,5.627554746,700,3.902306055,199.3697957,165.5,1.7724784,9.0635,1.0,0.0,0.5,1.5,250.5,280.5,2,0,1.0,63378.0625,65.17459131,0.073459265,302500.0,0.0,0.0,0.25,0.25,0.25,6000.0,1,0,1,1,129.0,125.0,0.48592,0.0,5.59,1
231,mp-23299,4.793135019,700,3.145937604,197.6769087,148.5,2.0493225,10.5735,1.0,0.0,0.5,1.5,239.0,266.0,2,0,289.0,130465.44,579.5130931,0.168550781,5062500.0,0.0,0.0,0.25,0.25,0.25,6000.0,1,0,1,1,95.0,93.0,0.48592,0.0,5.59,1
232,mp-23295,5.373771615,700,2.671979177,197.6769087,148.5,2.0493225,10.5735,1.0,0.0,0.5,1.5,239.0,266.0,2,0,289.0,130465.44,579.5130931,0.168550781,5062500.0,0.0,0.0,0.25,0.25,0.25,6000.0,1,0,1,1,95.0,93.0,0.48592,0.0,5.59,1
233,mp-23231,5.800330721,700,6.224582901,150.7776541,124.0,2.3327941,13.465,1.0,0.0,0.5,1.5,198.0,232.5,2,0,9.0,1158959.903,182.25,0.349498653,1102500.0,0.0,0.0,0.25,0.25,0.25,3300.0,1,0,1,1,109.0,110.0,1.302,0.0,4.09,1
234,mp-23197,-0.897011334,700,6.979307319,160.8697957,135.5,1.7180184,13.29519502,3.0,7.0,0.0,2.0,197.0,247.5,6,14,4.0,404814.0625,156.25,0.147177774,640000.0,4.0,49.0,4.0,0.0,0.0,6500.0,5,14,5,0,129.0,125.0,0.377,0.0,3.46,2
235,mp-23167,-0.877532428,700,6.709635892,159.1769087,118.5,1.9948625,14.80519502,3.0,7.0,0.0,2.0,185.5,233.0,6,14,324.0,556068.49,812.25,0.059595496,6250000.0,4.0,49.0,4.0,0.0,0.0,6500.0,5,14,5,0,95.0,93.0,0.377,0.0,3.46,2
236,mp-22925,3.097565871,700,5.324385941,147.3697957,134.0,2.1805184,12.5,1.0,0.0,0.5,1.5,204.5,239.5,2,0,42.25,1027689.063,36.0,0.396894419,3422500.0,0.0,0.0,0.25,0.25,0.25,4900.0,1,0,1,1,129.0,125.0,1.302,0.0,4.09,1
237,mp-22922,5.531731954,700,5.356180845,145.6769087,117.0,2.4573625,14.01,1.0,0.0,0.5,1.5,193.0,225.0,2,0,90.25,1261578.24,484.0,0.240570535,22500.0,0.0,0.0,0.25,0.25,0.25,1500.0,1,0,1,1,95.0,93.0,1.302,0.0,4.09,1
238,mp-22906,5.790527144,700,4.168221274,212.2776541,159.0,1.9176071,9.889,1.0,0.0,0.5,1.5,264.0,283.0,2,0,225.0,96007.0225,466.8196222,0.132641231,1822500.0,0.0,0.0,0.25,0.25,0.25,6000.0,1,0,1,1,109.0,110.0,0.471626,0.0,6.05,1
239,mp-22903,5.353507445,700,3.359968009,199.3697957,165.5,1.7724784,9.0635,1.0,0.0,0.5,1.5,250.5,280.5,2,0,1.0,63378.0625,65.17459131,0.073459265,302500.0,0.0,0.0,0.25,0.25,0.25,6000.0,1,0,1,1,129.0,125.0,0.48592,0.0,5.59,1
240,mp-22899,5.257168564,700,4.06340629,152.8697957,126.5,1.8385429,9.671,1.0,0.0,0.5,1.5,190.0,245.5,2,0,81.0,109114.6056,51.90221657,0.033212236,1000000.0,0.0,0.0,0.25,0.25,0.25,4900.0,1,0,1,1,124.0,110.5913614,0.618049,0.0,3.49,1
241,mp-22875,-0.830028223,700,7.068918856,164.2776541,125.5,1.8702941,14.26019502,3.0,7.0,0.0,2.0,190.5,240.5,6,14,132.25,488670.9025,400.0,0.118905036,2560000.0,4.0,49.0,4.0,0.0,0.0,6500.0,5,14,5,0,109.0,110.0,0.377,0.0,3.46,2
242,mp-22867,3.991342209,700,3.164377303,202.7776541,155.5,1.9247541,10.0285,1.0,0.0,0.5,1.5,244.0,273.5,2,0,110.25,98941.7025,242.520764,0.096004021,1822500.0,0.0,0.0,0.25,0.25,0.25,6000.0,1,0,1,1,109.0,110.0,0.48592,0.0,5.59,1
243,mp-22865,5.336755721,700,3.749127576,207.1769087,152.0,2.0421755,10.434,1.0,0.0,0.5,1.5,259.0,275.5,2,0,462.25,127092.25,906.3717742,0.216135401,5062500.0,0.0,0.0,0.25,0.25,0.25,6000.0,1,0,1,1,95.0,93.0,0.471626,0.0,6.05,1
244,mp-2175,-1.621036871,700,8.090510191,152.5118071,100.5,1.88909485,18.72019502,3.0,7.0,0.0,2.0,171.5,215.0,6,14,1560.25,676498.025,2352.25,0.082546051,6250000.0,4.0,49.0,4.0,0.0,0.0,6500.0,5,14,5,0,59.0,53.0,0.377,0.0,3.46,2
245,mp-2114,-5.227740354,700,5.742757452,135.0,95.0,-0.5465,12.3805,6.0,0.0,0.0,2.0,193.5,232.0,12,0,2256.25,3121582.24,1225.0,0.76286375,18062500.0,9.0,0.0,2.25,0.0,0.0,9800.0,9,0,3,0,60.0,54.0,-1.4,0.0,3.65,2
246,mp-20411,5.125387792,700,6.628100894,129.0,98.0,-0.55,13.9615,4.0,0.0,0.0,2.0,174.0,228.5,8,0,1122.25,1294588.84,2116.0,7.685756103,1000000.0,1.0,0.0,1.0,0.0,0.0,3300.0,5,0,5,0,60.0,54.0,-1.4,0.0,4.039,2
247,mp-20351,5.194035588,700,4.58162144,147.0,119.0,0.5233035,11.5615,4.0,0.0,0.0,2.0,186.5,243.0,8,0,132.25,810000.0,676.0,1.868288604,422500.0,1.0,0.0,1.0,0.0,0.0,3300.0,5,0,5,0,102.0,94.0,0.3,0.0,4.59,2
248,mp-20305,4.407220847,700,5.335683812,152.5,125.0,0.552,11.4365,4.0,0.0,0.0,2.0,189.0,250.0,8,0,56.25,545382.25,400.0,0.98415046,0.0,1.0,0.0,1.0,0.0,0.0,3300.0,5,0,5,0,114.0,106.0,0.3,0.0,4.13,2
249,mp-18536,0.962790685,700,4.553779458,136.5177106,79.0,2.876392275,21.3625,1.0,0.0,0.25,1.75,163.0,189.0,24,0,720.75,1079991.0,1323.0,0.213599791,16875.0,0.0,0.0,0.1875,0.1875,0.1875,1500.0,1,0,1,1,59.0,53.0,1.302,0.0,4.09,1
250,mp-1784,3.510988232,700,4.406028855,200.5118071,134.0,1.93640785,14.349,1.0,0.0,0.5,1.5,245.0,257.5,2,0,1849.0,187744.557,2510.612132,0.177845438,5062500.0,0.0,0.0,0.25,0.25,0.25,6000.0,1,0,1,1,59.0,53.0,0.471626,0.0,5.631000059,1
251,mp-13099,0.999376099,700,4.60189752,135.0,95.0,-0.5465,12.3805,6.0,0.0,0.0,2.0,193.5,232.0,12,0,2256.25,3121582.24,1225.0,0.76286375,18062500.0,9.0,0.0,2.25,0.0,0.0,9800.0,9,0,3,0,60.0,54.0,-1.4,0.0,3.65,2
252,mp-1219182,5.08902245,700,3.823847394,134.5,109.0,1.31111655,11.565,4.0,0.0,0.0,2.0,210.5,236.5,8,0,1.0,56406.25,36.0,0.163571091,90000.0,0.0,0.0,0.0,0.0,0.0,5300.0,4,0,4,0,107.0,102.0,1.232712,0.383,5.43,2
253,mp-1172873,5.971749101,700,5.015197585,148.5,119.5,1.601794,12.28,3.0,0.0,0.0,2.0,208.5,244.0,6,0,16.0,846400.0,12.25,0.543712333,1440000.0,1.0,0.0,1.0,0.0,0.0,5300.0,4,0,4,0,111.0,114.0,1.232712,0.383,4.45,2
254,mp-1156,3.615380352,700,5.287673764,150.0,125.0,0.738,11.065,4.0,0.0,0.0,2.0,196.5,249.0,8,0,42.25,147456.0,9.0,0.305315391,1440000.0,1.0,0.0,1.0,0.0,0.0,7900.0,5,0,5,0,117.0,121.0,0.43,0.0,4.51,2
255,mp-1138,3.179923583,700,2.530430196,144.5118071,91.5,2.00961935,15.096,1.0,0.0,0.5,1.5,164.5,213.0,2,0,812.25,266844.5649,829.191227,0.007381039,490000.0,0.0,0.0,0.25,0.25,0.25,2900.0,1,0,1,1,59.0,53.0,0.618049,0.0,3.49,1
256,mp-10759,3.545652534,700,5.536591818,138.5,109.0,1.626691,13.07,3.0,0.0,0.0,2.0,200.5,236.5,6,0,25.0,1150149.003,12.25,0.327898036,2402500.0,1.0,0.0,1.0,0.0,0.0,5300.0,4,0,4,0,107.0,107.0,1.232712,0.383,4.36,2
257,mp-1057286,3.332609057,700,3.321935199,173.0,160.2099663,0.6129105,8.754,1.0,0.0,1.0,1.0,226.5,253.0,2,0,2256.25,216839.2356,402.1250493,1.53346652,1518363.496,0.0,0.0,0.0,0.0,0.0,6000.0,1,0,0,1,111.4199326,113.1059062,0.471626,0.0,3.75,1
258,mp-1056920,3.062691424,700,4.249038612,208.8697957,169.0,1.7653314,8.924,1.0,0.0,0.5,1.5,270.5,290.0,2,0,30.25,61033.7025,198.9794882,0.105877337,302500.0,0.0,0.0,0.25,0.25,0.25,6000.0,1,0,1,1,129.0,125.0,0.471626,0.0,6.05,1
259,mp-1009894,1.033207391,700,5.150549586,125.5,97.0,0.8440595,11.429,6.0,0.0,0.0,2.0,196.5,229.0,12,0,1521.0,50625.0,930.25,0.110142708,2102500.0,4.0,0.0,4.0,0.0,0.0,3400.0,8,0,4,0,67.0,60.0,0.426,0.0,3.23,2
260,mp-1009792,-1.489118481,700,7.889818782,112.5,90.5,1.1560595,12.075,4.0,0.0,0.5,1.5,191.5,219.0,8,0,552.25,214832.25,462.25,5.69e-05,1822500.0,0.0,0.0,4.0,0.25,0.25,3200.0,4,0,4,1,67.0,60.0,1.05,0.0,2.7,1
261,mp-1009750,5.872338377,700,3.337838835,127.0,88.0,-0.606,12.586,6.0,0.0,0.0,2.0,185.0,227.0,12,0,1764.0,2290076.89,900.0,0.927299781,4410000.0,9.0,0.0,2.25,0.0,0.0,5500.0,9,0,3,0,60.0,54.0,-1.4,0.0,3.31,2
262,mp-1009746,5.08184485,700,2.413084958,145.0,109.0,0.4673035,10.186,6.0,0.0,0.0,2.0,197.5,241.5,12,0,400.0,1626900.25,100.0,0.195808041,3062500.0,9.0,0.0,2.25,0.0,0.0,5500.0,9,0,3,0,102.0,94.0,0.188,0.0,3.31,2
263,mp-1009639,-0.066448705,700,5.969066765,137.0,99.0,-0.219,11.25801001,7.0,1.5,0.0,2.0,197.5,233.0,14,3,2862.25,3436574.44,1369.0,2.954292777,16810000.0,16.0,2.25,2.25,0.0,0.0,9500.0,11,3,3,0,60.0,54.0,-1.4,0.0,3.67,2
264,mp-1009540,8.041034847,700,13.689522,113.0,91.5,1.1810595,12.415,4.0,7.0,0.0,2.0,193.0,219.5,8,14,729.0,10000.0,600.25,1.011020532,6250000.0,0.0,49.0,4.0,0.0,0.0,5500.0,4,14,4,0,67.0,60.0,1.1,0.0,2.74,2
265,mp-1007778,2.20702578,700,9.899554077,131.5,101.0,-0.5115,15.38519502,4.0,7.0,0.0,2.0,175.5,226.0,8,14,992.25,682771.69,2304.0,8.817228512,6760000.0,1.0,49.0,1.0,0.0,0.0,6500.0,5,14,5,0,60.0,54.0,-1.4,0.0,3.46,2
266,mp-1007776,0.706052606,700,6.819963595,149.5,122.0,0.5618035,12.98519502,4.0,7.0,0.0,2.0,188.0,240.5,8,14,90.25,346332.25,784.0,2.445832493,5062500.0,1.0,49.0,1.0,0.0,0.0,6500.0,5,14,5,0,102.0,94.0,0.377,0.0,3.46,2
267,mp-1002124,6.718373983,700,9.868235893,129.0,97.5,0.6380595,10.94,6.0,7.0,0.0,2.0,196.5,228.5,12,14,1369.0,34225.0,961.0,0.138601959,2102500.0,4.0,49.0,4.0,0.0,0.0,3400.0,8,14,4,0,67.0,60.0,0.014,0.0,3.2,2
268,mp-998899,-2.362297395,600,5.68673269,135.0,95.0,-0.5465,12.3805,6.0,0.0,0.0,2.0,193.5,232.0,12,0,2256.25,3121582.24,1225.0,0.76286375,18062500.0,9.0,0.0,2.25,0.0,0.0,9800.0,9,0,3,0,60.0,54.0,-1.4,0.0,3.65,2
269,mp-938,6.01083272,600,5.909652336,148.5,119.5,1.601794,12.28,3.0,0.0,0.0,2.0,208.5,244.0,6,0,16.0,846400.0,12.25,0.543712333,1440000.0,1.0,0.0,1.0,0.0,0.0,5300.0,4,0,4,0,111.0,114.0,1.232712,0.383,4.45,2
270,mp-866291,3.803488252,600,4.917995434,150.7776541,124.0,2.3327941,13.465,1.0,0.0,0.5,1.5,198.0,232.5,2,0,9.0,1158959.903,182.25,0.349498653,1102500.0,0.0,0.0,0.25,0.25,0.25,3300.0,1,0,1,1,109.0,110.0,1.302,0.0,4.09,1
271,mp-830,-20.27530103,600,5.921365293,116.5,88.5,-0.485,14.26,4.0,0.0,0.0,2.0,171.0,219.5,8,0,729.0,1688180.49,1122.25,6.757883524,4410000.0,1.0,0.0,1.0,0.0,0.0,5500.0,5,0,5,0,60.0,54.0,-1.4,0.0,4.039,2
272,mp-749,-1.840300497,600,8.356280164,136.5,97.0,0.579706636,12.65796096,5.5,3.0,0.0,2.0,195.5,232.0,11,6,2550.25,986644.89,1496.852231,3.059108696,16810000.0,6.25,9.0,2.25,0.0,0.0,9500.0,8,6,3,0,60.0,54.0,-1.4,0.0,4.039,2
273,mp-708,-9.763345248,600,5.96970124,163.0,126.5,0.637,8.427623128,6.0,0.0,0.0,2.0,214.0,257.0,12,0,702.25,2036329.0,272.25,0.019134784,9610000.0,9.0,0.0,2.25,0.0,0.0,9500.0,9,0,3,0,114.0,106.0,0.47,0.0,3.75,2
274,mp-684580,1.868176086,600,5.320322249,147.3697957,134.0,2.1805184,12.5,1.0,0.0,0.5,1.5,204.5,239.5,2,0,42.25,1027689.063,36.0,0.396894419,3422500.0,0.0,0.0,0.25,0.25,0.25,4900.0,1,0,1,1,129.0,125.0,1.302,0.0,4.09,1
275,mp-632319,0.282612761,600,3.870625262,173.0,160.2099663,0.6129105,8.754,1.0,0.0,1.0,1.0,226.5,253.0,2,0,2256.25,216839.2356,402.1250493,1.53346652,1518363.496,0.0,0.0,0.0,0.0,0.0,6000.0,1,0,0,1,111.4199326,113.1059062,0.471626,0.0,3.75,1
276,mp-614603,2.656849456,600,3.554949583,208.8697957,169.0,1.7653314,8.924,1.0,0.0,0.5,1.5,270.5,290.0,2,0,30.25,61033.7025,198.9794882,0.105877337,302500.0,0.0,0.0,0.25,0.25,0.25,6000.0,1,0,1,1,129.0,125.0,0.471626,0.0,6.05,1
277,mp-573697,3.792382791,600,3.175106447,207.1769087,152.0,2.0421755,10.434,1.0,0.0,0.5,1.5,259.0,275.5,2,0,462.25,127092.25,906.3717742,0.216135401,5062500.0,0.0,0.0,0.25,0.25,0.25,6000.0,1,0,1,1,95.0,93.0,0.471626,0.0,6.05,1
278,mp-571222,5.592728066,600,3.485262633,212.2776541,159.0,1.9176071,9.889,1.0,0.0,0.5,1.5,264.0,283.0,2,0,225.0,96007.0225,466.8196222,0.132641231,1822500.0,0.0,0.0,0.25,0.25,0.25,6000.0,1,0,1,1,109.0,110.0,0.471626,0.0,6.05,1
279,mp-571102,-4.95042044,600,6.05014633,160.8697957,135.5,1.7180184,13.29519502,3.0,7.0,0.0,2.0,197.0,247.5,6,14,4.0,404814.0625,156.25,0.147177774,640000.0,4.0,49.0,4.0,0.0,0.0,6500.0,5,14,5,0,129.0,125.0,0.377,0.0,3.46,2
280,mp-570276,-2.55057301,600,6.949384388,149.0,123.5,1.372989299,8.6015,4.0,0.0,0.0,2.0,212.0,241.5,8,0,529.0,3010225.0,87.36468342,13.34425791,810000.0,16.0,0.0,0.0,0.0,0.0,3400.0,8,0,0,0,120.0,102.3061846,0.426,0.0,2.66,2
281,mp-569639,-5.059170905,600,5.7166201,159.1769087,118.5,1.9948625,14.80519502,3.0,7.0,0.0,2.0,185.5,233.0,6,14,324.0,556068.49,812.25,0.059595496,6250000.0,4.0,49.0,4.0,0.0,0.0,6500.0,5,14,5,0,95.0,93.0,0.377,0.0,3.46,2
282,mp-568560,-5.808542703,600,6.055751177,164.2776541,125.5,1.8702941,14.26019502,3.0,7.0,0.0,2.0,190.5,240.5,6,14,132.25,488670.9025,400.0,0.118905036,2560000.0,4.0,49.0,4.0,0.0,0.0,6500.0,5,14,5,0,109.0,110.0,0.377,0.0,3.46,2
283,mp-505366,3.681787801,600,7.209653513,151.7776541,115.0,2.8361091,13.605,1.0,7.0,0.5,1.5,199.5,232.5,8,56,12.25,1888013.403,42.25,0.661511603,1210000.0,0.0,49.0,0.25,0.25,0.25,3300.0,1,14,1,1,109.0,110.0,2.30863,0.0,4.08,1
284,mp-422,-3.676700939,600,2.355668427,119.5,92.0,-0.161447985,12.3165,1.0,0.0,0.0,2.0,166.5,219.0,2,0,6.25,1594128.458,25.0,0.02927145,13322500.0,1.0,0.0,1.0,0.0,0.0,8000.0,2,0,2,0,90.0,85.0,-2.4,0.0,2.29,2
285,mp-343,0.852785341,600,7.229507537,137.0,99.0,-0.219,11.25801001,7.0,1.5,0.0,2.0,197.5,233.0,14,3,2862.25,3436574.44,1369.0,2.954292777,16810000.0,16.0,2.25,2.25,0.0,0.0,9500.0,11,3,3,0,60.0,54.0,-1.4,0.0,3.67,2
286,mp-2857,-5.389906969,600,4.245782373,127.0,88.0,-0.606,12.586,6.0,0.0,0.0,2.0,185.0,227.0,12,0,1764.0,2290076.89,900.0,0.927299781,4410000.0,9.0,0.0,2.25,0.0,0.0,5500.0,9,0,3,0,60.0,54.0,-1.4,0.0,3.31,2
287,mp-2667,1.424287888,600,6.514133851,206.5,165.0,1.390128,7.614,1.0,7.0,1.0,1.0,278.5,293.5,2,14,132.25,1132521.64,228.191506,1.386584143,6002500.0,0.0,49.0,0.0,0.0,0.0,6000.0,1,14,0,1,121.0,123.0,0.471626,0.0,4.08,1
288,mp-2612,7.212080845,600,6.131196697,148.5,119.5,1.601794,12.28,3.0,0.0,0.0,2.0,208.5,244.0,6,0,16.0,846400.0,12.25,0.543712333,1440000.0,1.0,0.0,1.0,0.0,0.0,5300.0,4,0,4,0,111.0,114.0,1.232712,0.383,4.45,2
289,mp-2599,2.319937753,600,7.627429946,137.0,98.5,0.258,11.26365188,6.5,2.0,0.0,2.0,197.0,233.0,13,4,2756.25,2662771.24,1724.636603,2.974055233,16810000.0,12.25,4.0,2.25,0.0,0.0,9500.0,10,4,3,0,60.0,54.0,-1.4,0.0,3.66,2
290,mp-256,0.937878156,600,6.786981166,139.5,99.5,-0.465,10.95262313,6.0,0.0,0.0,2.0,199.0,235.5,12,0,2756.25,3335371.69,1806.25,2.695991634,16810000.0,9.0,0.0,2.25,0.0,0.0,9500.0,9,0,3,0,60.0,54.0,-1.4,0.0,3.75,2
291,mp-2534,4.540874311,600,5.053200624,140.0,115.5,0.617,11.735,4.0,0.0,0.0,2.0,186.0,241.0,8,0,1.0,810000.0,56.25,0.671280192,1210000.0,1.0,0.0,1.0,0.0,0.0,5500.0,5,0,5,0,114.0,106.0,0.43,0.0,4.13,2
292,mp-252,4.156111529,600,4.985107254,136.0,109.0,-0.214562,11.0415,1.0,0.0,0.0,2.0,179.5,233.5,2,0,132.25,980100.0,324.0,0.094168027,6502500.0,1.0,0.0,1.0,0.0,0.0,8000.0,2,0,2,0,90.0,85.0,-2.4,0.0,2.29,2
293,mp-2490,4.908169377,600,4.006314015,134.5,109.5,0.5883035,11.86,4.0,0.0,0.0,2.0,183.5,234.0,8,0,25.0,1126782.25,182.25,1.425938982,3062500.0,1.0,0.0,1.0,0.0,0.0,5500.0,5,0,5,0,102.0,94.0,0.43,0.0,4.51,2
294,mp-24721,2.330559278,600,2.610597083,163.5,156.7099663,0.6200575,8.8935,1.0,0.0,1.0,1.0,206.5,243.5,2,0,1849.0,221238.5296,196.5639078,1.401803597,1518363.496,0.0,0.0,0.0,0.0,0.0,6000.0,1,0,0,1,111.4199326,113.1059062,0.48592,0.0,3.75,1
295,mp-23703,6.073914557,600,0.824862689,117.0,117.7099663,0.686122,9.501,1.0,0.0,1.0,1.0,146.0,208.5,2,0,1089.0,301329.6342,1.580733835,0.533925307,100984.8072,0.0,0.0,0.0,0.0,0.0,3535.562136,1,0,0,1,111.4199326,110.5913614,0.618049,0.0,3.49,1
296,mp-23303,4.318719436,600,3.701679718,202.7776541,155.5,1.9247541,10.0285,1.0,0.0,0.5,1.5,244.0,273.5,2,0,110.25,98941.7025,242.520764,0.096004021,1822500.0,0.0,0.0,0.25,0.25,0.25,6000.0,1,0,1,1,109.0,110.0,0.48592,0.0,5.59,1
297,mp-23302,5.141821228,600,3.902306055,199.3697957,165.5,1.7724784,9.0635,1.0,0.0,0.5,1.5,250.5,280.5,2,0,1.0,63378.0625,65.17459131,0.073459265,302500.0,0.0,0.0,0.25,0.25,0.25,6000.0,1,0,1,1,129.0,125.0,0.48592,0.0,5.59,1
298,mp-23299,3.867094416,600,3.145937604,197.6769087,148.5,2.0493225,10.5735,1.0,0.0,0.5,1.5,239.0,266.0,2,0,289.0,130465.44,579.5130931,0.168550781,5062500.0,0.0,0.0,0.25,0.25,0.25,6000.0,1,0,1,1,95.0,93.0,0.48592,0.0,5.59,1
299,mp-23295,5.079115901,600,2.671979177,197.6769087,148.5,2.0493225,10.5735,1.0,0.0,0.5,1.5,239.0,266.0,2,0,289.0,130465.44,579.5130931,0.168550781,5062500.0,0.0,0.0,0.25,0.25,0.25,6000.0,1,0,1,1,95.0,93.0,0.48592,0.0,5.59,1
300,mp-23231,4.71649024,600,6.224582901,150.7776541,124.0,2.3327941,13.465,1.0,0.0,0.5,1.5,198.0,232.5,2,0,9.0,1158959.903,182.25,0.349498653,1102500.0,0.0,0.0,0.25,0.25,0.25,3300.0,1,0,1,1,109.0,110.0,1.302,0.0,4.09,1
301,mp-23197,-2.74291798,600,6.979307319,160.8697957,135.5,1.7180184,13.29519502,3.0,7.0,0.0,2.0,197.0,247.5,6,14,4.0,404814.0625,156.25,0.147177774,640000.0,4.0,49.0,4.0,0.0,0.0,6500.0,5,14,5,0,129.0,125.0,0.377,0.0,3.46,2
302,mp-23167,-2.690244792,600,6.709635892,159.1769087,118.5,1.9948625,14.80519502,3.0,7.0,0.0,2.0,185.5,233.0,6,14,324.0,556068.49,812.25,0.059595496,6250000.0,4.0,49.0,4.0,0.0,0.0,6500.0,5,14,5,0,95.0,93.0,0.377,0.0,3.46,2
303,mp-22925,2.339267959,600,5.324385941,147.3697957,134.0,2.1805184,12.5,1.0,0.0,0.5,1.5,204.5,239.5,2,0,42.25,1027689.063,36.0,0.396894419,3422500.0,0.0,0.0,0.25,0.25,0.25,4900.0,1,0,1,1,129.0,125.0,1.302,0.0,4.09,1
304,mp-22922,4.828714316,600,5.356180845,145.6769087,117.0,2.4573625,14.01,1.0,0.0,0.5,1.5,193.0,225.0,2,0,90.25,1261578.24,484.0,0.240570535,22500.0,0.0,0.0,0.25,0.25,0.25,1500.0,1,0,1,1,95.0,93.0,1.302,0.0,4.09,1
305,mp-22906,5.41491477,600,4.168221274,212.2776541,159.0,1.9176071,9.889,1.0,0.0,0.5,1.5,264.0,283.0,2,0,225.0,96007.0225,466.8196222,0.132641231,1822500.0,0.0,0.0,0.25,0.25,0.25,6000.0,1,0,1,1,109.0,110.0,0.471626,0.0,6.05,1
306,mp-22903,5.017784871,600,3.359968009,199.3697957,165.5,1.7724784,9.0635,1.0,0.0,0.5,1.5,250.5,280.5,2,0,1.0,63378.0625,65.17459131,0.073459265,302500.0,0.0,0.0,0.25,0.25,0.25,6000.0,1,0,1,1,129.0,125.0,0.48592,0.0,5.59,1
307,mp-22899,4.585781113,600,4.06340629,152.8697957,126.5,1.8385429,9.671,1.0,0.0,0.5,1.5,190.0,245.5,2,0,81.0,109114.6056,51.90221657,0.033212236,1000000.0,0.0,0.0,0.25,0.25,0.25,4900.0,1,0,1,1,124.0,110.5913614,0.618049,0.0,3.49,1
308,mp-22875,-2.477461025,600,7.068918856,164.2776541,125.5,1.8702941,14.26019502,3.0,7.0,0.0,2.0,190.5,240.5,6,14,132.25,488670.9025,400.0,0.118905036,2560000.0,4.0,49.0,4.0,0.0,0.0,6500.0,5,14,5,0,109.0,110.0,0.377,0.0,3.46,2
309,mp-22867,3.363752885,600,3.164377303,202.7776541,155.5,1.9247541,10.0285,1.0,0.0,0.5,1.5,244.0,273.5,2,0,110.25,98941.7025,242.520764,0.096004021,1822500.0,0.0,0.0,0.25,0.25,0.25,6000.0,1,0,1,1,109.0,110.0,0.48592,0.0,5.59,1
310,mp-22865,5.044117195,600,3.749127576,207.1769087,152.0,2.0421755,10.434,1.0,0.0,0.5,1.5,259.0,275.5,2,0,462.25,127092.25,906.3717742,0.216135401,5062500.0,0.0,0.0,0.25,0.25,0.25,6000.0,1,0,1,1,95.0,93.0,0.471626,0.0,6.05,1
311,mp-2175,-3.555861924,600,8.090510191,152.5118071,100.5,1.88909485,18.72019502,3.0,7.0,0.0,2.0,171.5,215.0,6,14,1560.25,676498.025,2352.25,0.082546051,6250000.0,4.0,49.0,4.0,0.0,0.0,6500.0,5,14,5,0,59.0,53.0,0.377,0.0,3.46,2
312,mp-2114,-6.848522614,600,5.742757452,135.0,95.0,-0.5465,12.3805,6.0,0.0,0.0,2.0,193.5,232.0,12,0,2256.25,3121582.24,1225.0,0.76286375,18062500.0,9.0,0.0,2.25,0.0,0.0,9800.0,9,0,3,0,60.0,54.0,-1.4,0.0,3.65,2
313,mp-20411,4.360987498,600,6.628100894,129.0,98.0,-0.55,13.9615,4.0,0.0,0.0,2.0,174.0,228.5,8,0,1122.25,1294588.84,2116.0,7.685756103,1000000.0,1.0,0.0,1.0,0.0,0.0,3300.0,5,0,5,0,60.0,54.0,-1.4,0.0,4.039,2
314,mp-20351,4.94861555,600,4.58162144,147.0,119.0,0.5233035,11.5615,4.0,0.0,0.0,2.0,186.5,243.0,8,0,132.25,810000.0,676.0,1.868288604,422500.0,1.0,0.0,1.0,0.0,0.0,3300.0,5,0,5,0,102.0,94.0,0.3,0.0,4.59,2
315,mp-20305,3.959869414,600,5.335683812,152.5,125.0,0.552,11.4365,4.0,0.0,0.0,2.0,189.0,250.0,8,0,56.25,545382.25,400.0,0.98415046,0.0,1.0,0.0,1.0,0.0,0.0,3300.0,5,0,5,0,114.0,106.0,0.3,0.0,4.13,2
316,mp-18536,1.52881525,600,4.553779458,136.5177106,79.0,2.876392275,21.3625,1.0,0.0,0.25,1.75,163.0,189.0,24,0,720.75,1079991.0,1323.0,0.213599791,16875.0,0.0,0.0,0.1875,0.1875,0.1875,1500.0,1,0,1,1,59.0,53.0,1.302,0.0,4.09,1
317,mp-1784,-0.173451941,600,4.406028855,200.5118071,134.0,1.93640785,14.349,1.0,0.0,0.5,1.5,245.0,257.5,2,0,1849.0,187744.557,2510.612132,0.177845438,5062500.0,0.0,0.0,0.25,0.25,0.25,6000.0,1,0,1,1,59.0,53.0,0.471626,0.0,5.631000059,1
318,mp-13099,-0.759060361,600,4.60189752,135.0,95.0,-0.5465,12.3805,6.0,0.0,0.0,2.0,193.5,232.0,12,0,2256.25,3121582.24,1225.0,0.76286375,18062500.0,9.0,0.0,2.25,0.0,0.0,9800.0,9,0,3,0,60.0,54.0,-1.4,0.0,3.65,2
319,mp-1219182,4.769891705,600,3.823847394,134.5,109.0,1.31111655,11.565,4.0,0.0,0.0,2.0,210.5,236.5,8,0,1.0,56406.25,36.0,0.163571091,90000.0,0.0,0.0,0.0,0.0,0.0,5300.0,4,0,4,0,107.0,102.0,1.232712,0.383,5.43,2
320,mp-1172873,5.701093146,600,5.015197585,148.5,119.5,1.601794,12.28,3.0,0.0,0.0,2.0,208.5,244.0,6,0,16.0,846400.0,12.25,0.543712333,1440000.0,1.0,0.0,1.0,0.0,0.0,5300.0,4,0,4,0,111.0,114.0,1.232712,0.383,4.45,2
321,mp-1156,3.946030179,600,5.287673764,150.0,125.0,0.738,11.065,4.0,0.0,0.0,2.0,196.5,249.0,8,0,42.25,147456.0,9.0,0.305315391,1440000.0,1.0,0.0,1.0,0.0,0.0,7900.0,5,0,5,0,117.0,121.0,0.43,0.0,4.51,2
322,mp-1138,3.813917386,600,2.530430196,144.5118071,91.5,2.00961935,15.096,1.0,0.0,0.5,1.5,164.5,213.0,2,0,812.25,266844.5649,829.191227,0.007381039,490000.0,0.0,0.0,0.25,0.25,0.25,2900.0,1,0,1,1,59.0,53.0,0.618049,0.0,3.49,1
323,mp-10759,2.575305731,600,5.536591818,138.5,109.0,1.626691,13.07,3.0,0.0,0.0,2.0,200.5,236.5,6,0,25.0,1150149.003,12.25,0.327898036,2402500.0,1.0,0.0,1.0,0.0,0.0,5300.0,4,0,4,0,107.0,107.0,1.232712,0.383,4.36,2
324,mp-1057286,2.19206102,600,3.321935199,173.0,160.2099663,0.6129105,8.754,1.0,0.0,1.0,1.0,226.5,253.0,2,0,2256.25,216839.2356,402.1250493,1.53346652,1518363.496,0.0,0.0,0.0,0.0,0.0,6000.0,1,0,0,1,111.4199326,113.1059062,0.471626,0.0,3.75,1
325,mp-1056920,1.914052663,600,4.249038612,208.8697957,169.0,1.7653314,8.924,1.0,0.0,0.5,1.5,270.5,290.0,2,0,30.25,61033.7025,198.9794882,0.105877337,302500.0,0.0,0.0,0.25,0.25,0.25,6000.0,1,0,1,1,129.0,125.0,0.471626,0.0,6.05,1
326,mp-1009894,-0.504954342,600,5.150549586,125.5,97.0,0.8440595,11.429,6.0,0.0,0.0,2.0,196.5,229.0,12,0,1521.0,50625.0,930.25,0.110142708,2102500.0,4.0,0.0,4.0,0.0,0.0,3400.0,8,0,4,0,67.0,60.0,0.426,0.0,3.23,2
327,mp-1009792,-0.848460775,600,7.889818782,112.5,90.5,1.1560595,12.075,4.0,0.0,0.5,1.5,191.5,219.0,8,0,552.25,214832.25,462.25,5.69e-05,1822500.0,0.0,0.0,4.0,0.25,0.25,3200.0,4,0,4,1,67.0,60.0,1.05,0.0,2.7,1
328,mp-1009750,5.45517662,600,3.337838835,127.0,88.0,-0.606,12.586,6.0,0.0,0.0,2.0,185.0,227.0,12,0,1764.0,2290076.89,900.0,0.927299781,4410000.0,9.0,0.0,2.25,0.0,0.0,5500.0,9,0,3,0,60.0,54.0,-1.4,0.0,3.31,2
329,mp-1009746,4.646040285,600,2.413084958,145.0,109.0,0.4673035,10.186,6.0,0.0,0.0,2.0,197.5,241.5,12,0,400.0,1626900.25,100.0,0.195808041,3062500.0,9.0,0.0,2.25,0.0,0.0,5500.0,9,0,3,0,102.0,94.0,0.188,0.0,3.31,2
330,mp-1009639,-1.483144186,600,5.969066765,137.0,99.0,-0.219,11.25801001,7.0,1.5,0.0,2.0,197.5,233.0,14,3,2862.25,3436574.44,1369.0,2.954292777,16810000.0,16.0,2.25,2.25,0.0,0.0,9500.0,11,3,3,0,60.0,54.0,-1.4,0.0,3.67,2
331,mp-1009540,7.830884394,600,13.689522,113.0,91.5,1.1810595,12.415,4.0,7.0,0.0,2.0,193.0,219.5,8,14,729.0,10000.0,600.25,1.011020532,6250000.0,0.0,49.0,4.0,0.0,0.0,5500.0,4,14,4,0,67.0,60.0,1.1,0.0,2.74,2
332,mp-1007778,2.095225131,600,9.899554077,131.5,101.0,-0.5115,15.38519502,4.0,7.0,0.0,2.0,175.5,226.0,8,14,992.25,682771.69,2304.0,8.817228512,6760000.0,1.0,49.0,1.0,0.0,0.0,6500.0,5,14,5,0,60.0,54.0,-1.4,0.0,3.46,2
333,mp-1007776,-2.26628669,600,6.819963595,149.5,122.0,0.5618035,12.98519502,4.0,7.0,0.0,2.0,188.0,240.5,8,14,90.25,346332.25,784.0,2.445832493,5062500.0,1.0,49.0,1.0,0.0,0.0,6500.0,5,14,5,0,102.0,94.0,0.377,0.0,3.46,2
334,mp-1002124,6.411734764,600,9.868235893,129.0,97.5,0.6380595,10.94,6.0,7.0,0.0,2.0,196.5,228.5,12,14,1369.0,34225.0,961.0,0.138601959,2102500.0,4.0,49.0,4.0,0.0,0.0,3400.0,8,14,4,0,67.0,60.0,0.014,0.0,3.2,2
335,mp-998899,-3.665041908,500,5.68673269,135.0,95.0,-0.5465,12.3805,6.0,0.0,0.0,2.0,193.5,232.0,12,0,2256.25,3121582.24,1225.0,0.76286375,18062500.0,9.0,0.0,2.25,0.0,0.0,9800.0,9,0,3,0,60.0,54.0,-1.4,0.0,3.65,2
336,mp-938,5.350891203,500,5.909652336,148.5,119.5,1.601794,12.28,3.0,0.0,0.0,2.0,208.5,244.0,6,0,16.0,846400.0,12.25,0.543712333,1440000.0,1.0,0.0,1.0,0.0,0.0,5300.0,4,0,4,0,111.0,114.0,1.232712,0.383,4.45,2
337,mp-866291,2.994389063,500,4.917995434,150.7776541,124.0,2.3327941,13.465,1.0,0.0,0.5,1.5,198.0,232.5,2,0,9.0,1158959.903,182.25,0.349498653,1102500.0,0.0,0.0,0.25,0.25,0.25,3300.0,1,0,1,1,109.0,110.0,1.302,0.0,4.09,1
338,mp-830,-130.3942755,500,5.921365293,116.5,88.5,-0.485,14.26,4.0,0.0,0.0,2.0,171.0,219.5,8,0,729.0,1688180.49,1122.25,6.757883524,4410000.0,1.0,0.0,1.0,0.0,0.0,5500.0,5,0,5,0,60.0,54.0,-1.4,0.0,4.039,2
339,mp-749,-1.527693078,500,8.356280164,136.5,97.0,0.579706636,12.65796096,5.5,3.0,0.0,2.0,195.5,232.0,11,6,2550.25,986644.89,1496.852231,3.059108696,16810000.0,6.25,9.0,2.25,0.0,0.0,9500.0,8,6,3,0,60.0,54.0,-1.4,0.0,4.039,2
340,mp-708,-5.447186391,500,5.96970124,163.0,126.5,0.637,8.427623128,6.0,0.0,0.0,2.0,214.0,257.0,12,0,702.25,2036329.0,272.25,0.019134784,9610000.0,9.0,0.0,2.25,0.0,0.0,9500.0,9,0,3,0,114.0,106.0,0.47,0.0,3.75,2
341,mp-684580,1.027042963,500,5.320322249,147.3697957,134.0,2.1805184,12.5,1.0,0.0,0.5,1.5,204.5,239.5,2,0,42.25,1027689.063,36.0,0.396894419,3422500.0,0.0,0.0,0.25,0.25,0.25,4900.0,1,0,1,1,129.0,125.0,1.302,0.0,4.09,1
342,mp-632319,-1.066748135,500,3.870625262,173.0,160.2099663,0.6129105,8.754,1.0,0.0,1.0,1.0,226.5,253.0,2,0,2256.25,216839.2356,402.1250493,1.53346652,1518363.496,0.0,0.0,0.0,0.0,0.0,6000.0,1,0,0,1,111.4199326,113.1059062,0.471626,0.0,3.75,1
343,mp-614603,1.731721123,500,3.554949583,208.8697957,169.0,1.7653314,8.924,1.0,0.0,0.5,1.5,270.5,290.0,2,0,30.25,61033.7025,198.9794882,0.105877337,302500.0,0.0,0.0,0.25,0.25,0.25,6000.0,1,0,1,1,129.0,125.0,0.471626,0.0,6.05,1
344,mp-573697,2.861281412,500,3.175106447,207.1769087,152.0,2.0421755,10.434,1.0,0.0,0.5,1.5,259.0,275.5,2,0,462.25,127092.25,906.3717742,0.216135401,5062500.0,0.0,0.0,0.25,0.25,0.25,6000.0,1,0,1,1,95.0,93.0,0.471626,0.0,6.05,1
345,mp-571222,5.095341753,500,3.485262633,212.2776541,159.0,1.9176071,9.889,1.0,0.0,0.5,1.5,264.0,283.0,2,0,225.0,96007.0225,466.8196222,0.132641231,1822500.0,0.0,0.0,0.25,0.25,0.25,6000.0,1,0,1,1,109.0,110.0,0.471626,0.0,6.05,1
346,mp-571102,-8.278070499,500,6.05014633,160.8697957,135.5,1.7180184,13.29519502,3.0,7.0,0.0,2.0,197.0,247.5,6,14,4.0,404814.0625,156.25,0.147177774,640000.0,4.0,49.0,4.0,0.0,0.0,6500.0,5,14,5,0,129.0,125.0,0.377,0.0,3.46,2
347,mp-570276,-5.873155079,500,6.949384388,149.0,123.5,1.372989299,8.6015,4.0,0.0,0.0,2.0,212.0,241.5,8,0,529.0,3010225.0,87.36468342,13.34425791,810000.0,16.0,0.0,0.0,0.0,0.0,3400.0,8,0,0,0,120.0,102.3061846,0.426,0.0,2.66,2
348,mp-569639,-8.134751024,500,5.7166201,159.1769087,118.5,1.9948625,14.80519502,3.0,7.0,0.0,2.0,185.5,233.0,6,14,324.0,556068.49,812.25,0.059595496,6250000.0,4.0,49.0,4.0,0.0,0.0,6500.0,5,14,5,0,95.0,93.0,0.377,0.0,3.46,2
349,mp-568560,-8.758591091,500,6.055751177,164.2776541,125.5,1.8702941,14.26019502,3.0,7.0,0.0,2.0,190.5,240.5,6,14,132.25,488670.9025,400.0,0.118905036,2560000.0,4.0,49.0,4.0,0.0,0.0,6500.0,5,14,5,0,109.0,110.0,0.377,0.0,3.46,2
350,mp-505366,2.988084817,500,7.209653513,151.7776541,115.0,2.8361091,13.605,1.0,7.0,0.5,1.5,199.5,232.5,8,56,12.25,1888013.403,42.25,0.661511603,1210000.0,0.0,49.0,0.25,0.25,0.25,3300.0,1,14,1,1,109.0,110.0,2.30863,0.0,4.08,1
351,mp-422,-6.679100634,500,2.355668427,119.5,92.0,-0.161447985,12.3165,1.0,0.0,0.0,2.0,166.5,219.0,2,0,6.25,1594128.458,25.0,0.02927145,13322500.0,1.0,0.0,1.0,0.0,0.0,8000.0,2,0,2,0,90.0,85.0,-2.4,0.0,2.29,2
352,mp-343,-0.87415184,500,7.229507537,137.0,99.0,-0.219,11.25801001,7.0,1.5,0.0,2.0,197.5,233.0,14,3,2862.25,3436574.44,1369.0,2.954292777,16810000.0,16.0,2.25,2.25,0.0,0.0,9500.0,11,3,3,0,60.0,54.0,-1.4,0.0,3.67,2
353,mp-2857,-2.014369232,500,4.245782373,127.0,88.0,-0.606,12.586,6.0,0.0,0.0,2.0,185.0,227.0,12,0,1764.0,2290076.89,900.0,0.927299781,4410000.0,9.0,0.0,2.25,0.0,0.0,5500.0,9,0,3,0,60.0,54.0,-1.4,0.0,3.31,2
354,mp-2667,0.571352396,500,6.514133851,206.5,165.0,1.390128,7.614,1.0,7.0,1.0,1.0,278.5,293.5,2,14,132.25,1132521.64,228.191506,1.386584143,6002500.0,0.0,49.0,0.0,0.0,0.0,6000.0,1,14,0,1,121.0,123.0,0.471626,0.0,4.08,1
355,mp-2612,6.781823182,500,6.131196697,148.5,119.5,1.601794,12.28,3.0,0.0,0.0,2.0,208.5,244.0,6,0,16.0,846400.0,12.25,0.543712333,1440000.0,1.0,0.0,1.0,0.0,0.0,5300.0,4,0,4,0,111.0,114.0,1.232712,0.383,4.45,2
356,mp-2599,1.55514458,500,7.627429946,137.0,98.5,0.258,11.26365188,6.5,2.0,0.0,2.0,197.0,233.0,13,4,2756.25,2662771.24,1724.636603,2.974055233,16810000.0,12.25,4.0,2.25,0.0,0.0,9500.0,10,4,3,0,60.0,54.0,-1.4,0.0,3.66,2
357,mp-256,-5.632799795,500,6.786981166,139.5,99.5,-0.465,10.95262313,6.0,0.0,0.0,2.0,199.0,235.5,12,0,2756.25,3335371.69,1806.25,2.695991634,16810000.0,9.0,0.0,2.25,0.0,0.0,9500.0,9,0,3,0,60.0,54.0,-1.4,0.0,3.75,2
358,mp-2534,3.858084463,500,5.053200624,140.0,115.5,0.617,11.735,4.0,0.0,0.0,2.0,186.0,241.0,8,0,1.0,810000.0,56.25,0.671280192,1210000.0,1.0,0.0,1.0,0.0,0.0,5500.0,5,0,5,0,114.0,106.0,0.43,0.0,4.13,2
359,mp-252,3.563328162,500,4.985107254,136.0,109.0,-0.214562,11.0415,1.0,0.0,0.0,2.0,179.5,233.5,2,0,132.25,980100.0,324.0,0.094168027,6502500.0,1.0,0.0,1.0,0.0,0.0,8000.0,2,0,2,0,90.0,85.0,-2.4,0.0,2.29,2
360,mp-2490,4.467703265,500,4.006314015,134.5,109.5,0.5883035,11.86,4.0,0.0,0.0,2.0,183.5,234.0,8,0,25.0,1126782.25,182.25,1.425938982,3062500.0,1.0,0.0,1.0,0.0,0.0,5500.0,5,0,5,0,102.0,94.0,0.43,0.0,4.51,2
361,mp-24721,1.53148955,500,2.610597083,163.5,156.7099663,0.6200575,8.8935,1.0,0.0,1.0,1.0,206.5,243.5,2,0,1849.0,221238.5296,196.5639078,1.401803597,1518363.496,0.0,0.0,0.0,0.0,0.0,6000.0,1,0,0,1,111.4199326,113.1059062,0.48592,0.0,3.75,1
362,mp-23703,5.724239675,500,0.824862689,117.0,117.7099663,0.686122,9.501,1.0,0.0,1.0,1.0,146.0,208.5,2,0,1089.0,301329.6342,1.580733835,0.533925307,100984.8072,0.0,0.0,0.0,0.0,0.0,3535.562136,1,0,0,1,111.4199326,110.5913614,0.618049,0.0,3.49,1
363,mp-23303,3.546054203,500,3.701679718,202.7776541,155.5,1.9247541,10.0285,1.0,0.0,0.5,1.5,244.0,273.5,2,0,110.25,98941.7025,242.520764,0.096004021,1822500.0,0.0,0.0,0.25,0.25,0.25,6000.0,1,0,1,1,109.0,110.0,0.48592,0.0,5.59,1
364,mp-23302,4.549601662,500,3.902306055,199.3697957,165.5,1.7724784,9.0635,1.0,0.0,0.5,1.5,250.5,280.5,2,0,1.0,63378.0625,65.17459131,0.073459265,302500.0,0.0,0.0,0.25,0.25,0.25,6000.0,1,0,1,1,129.0,125.0,0.48592,0.0,5.59,1
365,mp-23299,2.954360755,500,3.145937604,197.6769087,148.5,2.0493225,10.5735,1.0,0.0,0.5,1.5,239.0,266.0,2,0,289.0,130465.44,579.5130931,0.168550781,5062500.0,0.0,0.0,0.25,0.25,0.25,6000.0,1,0,1,1,95.0,93.0,0.48592,0.0,5.59,1
366,mp-23295,4.547325402,500,2.671979177,197.6769087,148.5,2.0493225,10.5735,1.0,0.0,0.5,1.5,239.0,266.0,2,0,289.0,130465.44,579.5130931,0.168550781,5062500.0,0.0,0.0,0.25,0.25,0.25,6000.0,1,0,1,1,95.0,93.0,0.48592,0.0,5.59,1
367,mp-23231,3.852683045,500,6.224582901,150.7776541,124.0,2.3327941,13.465,1.0,0.0,0.5,1.5,198.0,232.5,2,0,9.0,1158959.903,182.25,0.349498653,1102500.0,0.0,0.0,0.25,0.25,0.25,3300.0,1,0,1,1,109.0,110.0,1.302,0.0,4.09,1
368,mp-23197,-5.656819233,500,6.979307319,160.8697957,135.5,1.7180184,13.29519502,3.0,7.0,0.0,2.0,197.0,247.5,6,14,4.0,404814.0625,156.25,0.147177774,640000.0,4.0,49.0,4.0,0.0,0.0,6500.0,5,14,5,0,129.0,125.0,0.377,0.0,3.46,2
369,mp-23167,-4.826069968,500,6.709635892,159.1769087,118.5,1.9948625,14.80519502,3.0,7.0,0.0,2.0,185.5,233.0,6,14,324.0,556068.49,812.25,0.059595496,6250000.0,4.0,49.0,4.0,0.0,0.0,6500.0,5,14,5,0,95.0,93.0,0.377,0.0,3.46,2
370,mp-22925,1.160266169,500,5.324385941,147.3697957,134.0,2.1805184,12.5,1.0,0.0,0.5,1.5,204.5,239.5,2,0,42.25,1027689.063,36.0,0.396894419,3422500.0,0.0,0.0,0.25,0.25,0.25,4900.0,1,0,1,1,129.0,125.0,1.302,0.0,4.09,1
371,mp-22922,3.976150791,500,5.356180845,145.6769087,117.0,2.4573625,14.01,1.0,0.0,0.5,1.5,193.0,225.0,2,0,90.25,1261578.24,484.0,0.240570535,22500.0,0.0,0.0,0.25,0.25,0.25,1500.0,1,0,1,1,95.0,93.0,1.302,0.0,4.09,1
372,mp-22906,4.817556169,500,4.168221274,212.2776541,159.0,1.9176071,9.889,1.0,0.0,0.5,1.5,264.0,283.0,2,0,225.0,96007.0225,466.8196222,0.132641231,1822500.0,0.0,0.0,0.25,0.25,0.25,6000.0,1,0,1,1,109.0,110.0,0.471626,0.0,6.05,1
373,mp-22903,4.825103917,500,3.359968009,199.3697957,165.5,1.7724784,9.0635,1.0,0.0,0.5,1.5,250.5,280.5,2,0,1.0,63378.0625,65.17459131,0.073459265,302500.0,0.0,0.0,0.25,0.25,0.25,6000.0,1,0,1,1,129.0,125.0,0.48592,0.0,5.59,1
374,mp-22899,3.953201564,500,4.06340629,152.8697957,126.5,1.8385429,9.671,1.0,0.0,0.5,1.5,190.0,245.5,2,0,81.0,109114.6056,51.90221657,0.033212236,1000000.0,0.0,0.0,0.25,0.25,0.25,4900.0,1,0,1,1,124.0,110.5913614,0.618049,0.0,3.49,1
375,mp-22875,-5.032732687,500,7.068918856,164.2776541,125.5,1.8702941,14.26019502,3.0,7.0,0.0,2.0,190.5,240.5,6,14,132.25,488670.9025,400.0,0.118905036,2560000.0,4.0,49.0,4.0,0.0,0.0,6500.0,5,14,5,0,109.0,110.0,0.377,0.0,3.46,2
376,mp-22867,2.24469773,500,3.164377303,202.7776541,155.5,1.9247541,10.0285,1.0,0.0,0.5,1.5,244.0,273.5,2,0,110.25,98941.7025,242.520764,0.096004021,1822500.0,0.0,0.0,0.25,0.25,0.25,6000.0,1,0,1,1,109.0,110.0,0.48592,0.0,5.59,1
377,mp-22865,4.378659156,500,3.749127576,207.1769087,152.0,2.0421755,10.434,1.0,0.0,0.5,1.5,259.0,275.5,2,0,462.25,127092.25,906.3717742,0.216135401,5062500.0,0.0,0.0,0.25,0.25,0.25,6000.0,1,0,1,1,95.0,93.0,0.471626,0.0,6.05,1
378,mp-2175,-6.222743974,500,8.090510191,152.5118071,100.5,1.88909485,18.72019502,3.0,7.0,0.0,2.0,171.5,215.0,6,14,1560.25,676498.025,2352.25,0.082546051,6250000.0,4.0,49.0,4.0,0.0,0.0,6500.0,5,14,5,0,59.0,53.0,0.377,0.0,3.46,2
379,mp-2114,0.171782372,500,5.742757452,135.0,95.0,-0.5465,12.3805,6.0,0.0,0.0,2.0,193.5,232.0,12,0,2256.25,3121582.24,1225.0,0.76286375,18062500.0,9.0,0.0,2.25,0.0,0.0,9800.0,9,0,3,0,60.0,54.0,-1.4,0.0,3.65,2
380,mp-20411,4.000921655,500,6.628100894,129.0,98.0,-0.55,13.9615,4.0,0.0,0.0,2.0,174.0,228.5,8,0,1122.25,1294588.84,2116.0,7.685756103,1000000.0,1.0,0.0,1.0,0.0,0.0,3300.0,5,0,5,0,60.0,54.0,-1.4,0.0,4.039,2
381,mp-20351,4.493806984,500,4.58162144,147.0,119.0,0.5233035,11.5615,4.0,0.0,0.0,2.0,186.5,243.0,8,0,132.25,810000.0,676.0,1.868288604,422500.0,1.0,0.0,1.0,0.0,0.0,3300.0,5,0,5,0,102.0,94.0,0.3,0.0,4.59,2
382,mp-20305,3.702980746,500,5.335683812,152.5,125.0,0.552,11.4365,4.0,0.0,0.0,2.0,189.0,250.0,8,0,56.25,545382.25,400.0,0.98415046,0.0,1.0,0.0,1.0,0.0,0.0,3300.0,5,0,5,0,114.0,106.0,0.3,0.0,4.13,2
383,mp-18536,2.04622896,500,4.553779458,136.5177106,79.0,2.876392275,21.3625,1.0,0.0,0.25,1.75,163.0,189.0,24,0,720.75,1079991.0,1323.0,0.213599791,16875.0,0.0,0.0,0.1875,0.1875,0.1875,1500.0,1,0,1,1,59.0,53.0,1.302,0.0,4.09,1
384,mp-1784,4.026721028,500,4.406028855,200.5118071,134.0,1.93640785,14.349,1.0,0.0,0.5,1.5,245.0,257.5,2,0,1849.0,187744.557,2510.612132,0.177845438,5062500.0,0.0,0.0,0.25,0.25,0.25,6000.0,1,0,1,1,59.0,53.0,0.471626,0.0,5.631000059,1
385,mp-13099,-3.233904823,500,4.60189752,135.0,95.0,-0.5465,12.3805,6.0,0.0,0.0,2.0,193.5,232.0,12,0,2256.25,3121582.24,1225.0,0.76286375,18062500.0,9.0,0.0,2.25,0.0,0.0,9800.0,9,0,3,0,60.0,54.0,-1.4,0.0,3.65,2
386,mp-1219182,4.292982169,500,3.823847394,134.5,109.0,1.31111655,11.565,4.0,0.0,0.0,2.0,210.5,236.5,8,0,1.0,56406.25,36.0,0.163571091,90000.0,0.0,0.0,0.0,0.0,0.0,5300.0,4,0,4,0,107.0,102.0,1.232712,0.383,5.43,2
387,mp-1172873,5.270456054,500,5.015197585,148.5,119.5,1.601794,12.28,3.0,0.0,0.0,2.0,208.5,244.0,6,0,16.0,846400.0,12.25,0.543712333,1440000.0,1.0,0.0,1.0,0.0,0.0,5300.0,4,0,4,0,111.0,114.0,1.232712,0.383,4.45,2
388,mp-1156,3.376252672,500,5.287673764,150.0,125.0,0.738,11.065,4.0,0.0,0.0,2.0,196.5,249.0,8,0,42.25,147456.0,9.0,0.305315391,1440000.0,1.0,0.0,1.0,0.0,0.0,7900.0,5,0,5,0,117.0,121.0,0.43,0.0,4.51,2
389,mp-1138,4.633067419,500,2.530430196,144.5118071,91.5,2.00961935,15.096,1.0,0.0,0.5,1.5,164.5,213.0,2,0,812.25,266844.5649,829.191227,0.007381039,490000.0,0.0,0.0,0.25,0.25,0.25,2900.0,1,0,1,1,59.0,53.0,0.618049,0.0,3.49,1
390,mp-10759,3.324980466,500,5.536591818,138.5,109.0,1.626691,13.07,3.0,0.0,0.0,2.0,200.5,236.5,6,0,25.0,1150149.003,12.25,0.327898036,2402500.0,1.0,0.0,1.0,0.0,0.0,5300.0,4,0,4,0,107.0,107.0,1.232712,0.383,4.36,2
391,mp-1057286,1.285973284,500,3.321935199,173.0,160.2099663,0.6129105,8.754,1.0,0.0,1.0,1.0,226.5,253.0,2,0,2256.25,216839.2356,402.1250493,1.53346652,1518363.496,0.0,0.0,0.0,0.0,0.0,6000.0,1,0,0,1,111.4199326,113.1059062,0.471626,0.0,3.75,1
392,mp-1056920,0.83381235,500,4.249038612,208.8697957,169.0,1.7653314,8.924,1.0,0.0,0.5,1.5,270.5,290.0,2,0,30.25,61033.7025,198.9794882,0.105877337,302500.0,0.0,0.0,0.25,0.25,0.25,6000.0,1,0,1,1,129.0,125.0,0.471626,0.0,6.05,1
393,mp-1009894,-1.094560043,500,5.150549586,125.5,97.0,0.8440595,11.429,6.0,0.0,0.0,2.0,196.5,229.0,12,0,1521.0,50625.0,930.25,0.110142708,2102500.0,4.0,0.0,4.0,0.0,0.0,3400.0,8,0,4,0,67.0,60.0,0.426,0.0,3.23,2
394,mp-1009792,-1.588597289,500,7.889818782,112.5,90.5,1.1560595,12.075,4.0,0.0,0.5,1.5,191.5,219.0,8,0,552.25,214832.25,462.25,5.69e-05,1822500.0,0.0,0.0,4.0,0.25,0.25,3200.0,4,0,4,1,67.0,60.0,1.05,0.0,2.7,1
395,mp-1009750,4.843447347,500,3.337838835,127.0,88.0,-0.606,12.586,6.0,0.0,0.0,2.0,185.0,227.0,12,0,1764.0,2290076.89,900.0,0.927299781,4410000.0,9.0,0.0,2.25,0.0,0.0,5500.0,9,0,3,0,60.0,54.0,-1.4,0.0,3.31,2
396,mp-1009746,3.760630656,500,2.413084958,145.0,109.0,0.4673035,10.186,6.0,0.0,0.0,2.0,197.5,241.5,12,0,400.0,1626900.25,100.0,0.195808041,3062500.0,9.0,0.0,2.25,0.0,0.0,5500.0,9,0,3,0,102.0,94.0,0.188,0.0,3.31,2
397,mp-1009639,-4.404719519,500,5.969066765,137.0,99.0,-0.219,11.25801001,7.0,1.5,0.0,2.0,197.5,233.0,14,3,2862.25,3436574.44,1369.0,2.954292777,16810000.0,16.0,2.25,2.25,0.0,0.0,9500.0,11,3,3,0,60.0,54.0,-1.4,0.0,3.67,2
398,mp-1009540,7.618568049,500,13.689522,113.0,91.5,1.1810595,12.415,4.0,7.0,0.0,2.0,193.0,219.5,8,14,729.0,10000.0,600.25,1.011020532,6250000.0,0.0,49.0,4.0,0.0,0.0,5500.0,4,14,4,0,67.0,60.0,1.1,0.0,2.74,2
399,mp-1007778,0.152674315,500,9.899554077,131.5,101.0,-0.5115,15.38519502,4.0,7.0,0.0,2.0,175.5,226.0,8,14,992.25,682771.69,2304.0,8.817228512,6760000.0,1.0,49.0,1.0,0.0,0.0,6500.0,5,14,5,0,60.0,54.0,-1.4,0.0,3.46,2
400,mp-1007776,-1.499307527,500,6.819963595,149.5,122.0,0.5618035,12.98519502,4.0,7.0,0.0,2.0,188.0,240.5,8,14,90.25,346332.25,784.0,2.445832493,5062500.0,1.0,49.0,1.0,0.0,0.0,6500.0,5,14,5,0,102.0,94.0,0.377,0.0,3.46,2
401,mp-1002124,6.078550562,500,9.868235893,129.0,97.5,0.6380595,10.94,6.0,7.0,0.0,2.0,196.5,228.5,12,14,1369.0,34225.0,961.0,0.138601959,2102500.0,4.0,49.0,4.0,0.0,0.0,3400.0,8,14,4,0,67.0,60.0,0.014,0.0,3.2,2
